fecha,imacec_original,imacec_sa
1996-01-01,42.5,42.0
1996-02-01,41.2,42.5
1996-03-01,44.7,42.5
1996-04-01,43.7,42.6
1996-05-01,43.5,42.6
1996-06-01,41.9,43.1
1996-07-01,41.4,43.1
1996-08-01,42.1,43.2
1996-09-01,40.5,43.3
1996-10-01,44.1,43.7
1996-11-01,44.5,43.8
1996-12-01,47.1,44.0
1997-01-01,45.1,44.9
1997-02-01,43.2,44.8
1997-03-01,47.2,44.7
1997-04-01,46.3,45.2
1997-05-01,46.9,46.1
1997-06-01,44.6,45.9
1997-07-01,44.6,46.3
1997-08-01,45.4,46.8
1997-09-01,44.2,47.2
1997-10-01,47.8,47.4
1997-11-01,48.6,47.8
1997-12-01,51.5,48.1
1998-01-01,48.4,48.1
1998-02-01,46.4,48.0
1998-03-01,51.1,48.4
1998-04-01,50.5,49.3
1998-05-01,49.5,48.8
1998-06-01,47.4,48.8
1998-07-01,46.8,48.8
1998-08-01,47.0,48.5
1998-09-01,45.6,48.6
1998-10-01,47.7,47.4
1998-11-01,47.7,46.8
1998-12-01,50.4,47.0
1999-01-01,47.3,47.0
1999-02-01,45.2,47.0
1999-03-01,49.7,47.2
1999-04-01,48.1,46.8
1999-05-01,47.9,47.1
1999-06-01,46.6,47.7
1999-07-01,45.8,47.7
1999-08-01,46.7,48.0
1999-09-01,46.0,48.9
1999-10-01,49.6,49.0
1999-11-01,50.8,49.7
1999-12-01,53.3,49.8
2000-01-01,50.0,49.9
2000-02-01,47.8,49.9
2000-03-01,52.8,49.9
2000-04-01,51.4,50.1
2000-05-01,51.0,50.3
2000-06-01,48.5,49.7
2000-07-01,48.4,50.6
2000-08-01,49.3,50.9
2000-09-01,47.7,50.9
2000-10-01,51.6,51.1
2000-11-01,52.4,51.4
2000-12-01,54.8,51.7
2001-01-01,51.1,51.4
2001-02-01,49.4,51.8
2001-03-01,55.1,52.1
2001-04-01,53.2,52.0
2001-05-01,52.8,52.3
2001-06-01,51.3,52.6
2001-07-01,49.7,52.0
2001-08-01,50.7,52.3
2001-09-01,49.0,52.1
2001-10-01,53.1,52.4
2001-11-01,53.7,52.7
2001-12-01,55.6,52.4
2002-01-01,52.4,53.1
2002-02-01,49.6,52.8
2002-03-01,55.5,52.9
2002-04-01,54.8,53.5
2002-05-01,54.0,53.1
2002-06-01,52.6,53.5
2002-07-01,51.6,53.6
2002-08-01,52.6,53.9
2002-09-01,51.5,54.3
2002-10-01,55.6,54.5
2002-11-01,56.2,54.7
2002-12-01,58.5,54.9
2003-01-01,54.9,55.4
2003-02-01,52.5,55.6
2003-03-01,58.5,55.5
2003-04-01,57.4,55.9
2003-05-01,56.9,56.0
2003-06-01,55.4,56.3
2003-07-01,54.2,56.4
2003-08-01,54.9,56.3
2003-09-01,53.7,56.6
2003-10-01,58.0,56.7
2003-11-01,58.3,56.7
2003-12-01,60.6,56.8
2004-01-01,57.0,57.5
2004-02-01,54.9,57.9
2004-03-01,61.9,58.5
2004-04-01,60.6,58.8
2004-05-01,60.1,59.1
2004-06-01,58.5,59.3
2004-07-01,58.0,60.4
2004-08-01,59.1,60.6
2004-09-01,57.8,60.8
2004-10-01,62.9,61.5
2004-11-01,63.4,61.6
2004-12-01,66.1,61.7
2005-01-01,61.0,61.6
2005-02-01,58.3,61.4
2005-03-01,65.2,62.0
2005-04-01,64.4,62.7
2005-05-01,63.3,62.4
2005-06-01,62.2,63.0
2005-07-01,60.6,63.4
2005-08-01,63.2,64.8
2005-09-01,61.2,64.4
2005-10-01,65.6,64.1
2005-11-01,67.0,65.1
2005-12-01,70.4,65.7
2006-01-01,64.3,65.2
2006-02-01,62.5,65.9
2006-03-01,68.6,65.6
2006-04-01,67.6,66.3
2006-05-01,67.9,67.2
2006-06-01,66.4,67.3
2006-07-01,64.3,67.3
2006-08-01,65.9,67.7
2006-09-01,65.1,68.5
2006-10-01,70.5,69.2
2006-11-01,70.7,69.1
2006-12-01,74.6,69.6
2007-01-01,67.8,69.4
2007-02-01,65.1,69.6
2007-03-01,73.2,71.1
2007-04-01,71.5,70.7
2007-05-01,71.4,70.7
2007-06-01,70.1,70.7
2007-07-01,66.8,69.9
2007-08-01,69.3,70.9
2007-09-01,68.8,71.9
2007-10-01,73.4,71.6
2007-11-01,74.1,72.1
2007-12-01,78.6,73.0
2008-01-01,72.0,73.2
2008-02-01,69.9,74.1
2008-03-01,76.8,74.0
2008-04-01,75.1,73.7
2008-05-01,74.9,73.6
2008-06-01,73.7,74.2
2008-07-01,71.2,74.4
2008-08-01,70.8,72.1
2008-09-01,70.2,73.2
2008-10-01,75.3,73.3
2008-11-01,74.1,71.8
2008-12-01,78.5,72.8
2009-01-01,71.0,72.4
2009-02-01,67.4,72.2
2009-03-01,75.5,72.3
2009-04-01,73.3,72.0
2009-05-01,72.8,71.8
2009-06-01,71.3,71.8
2009-07-01,68.7,72.2
2009-08-01,71.5,72.7
2009-09-01,70.4,73.3
2009-10-01,75.1,73.4
2009-11-01,76.3,73.5
2009-12-01,79.4,74.0
2010-01-01,72.5,74.3
2010-02-01,69.8,75.1
2010-03-01,75.7,72.2
2010-04-01,77.8,76.4
2010-05-01,77.3,76.0
2010-06-01,76.2,76.7
2010-07-01,74.1,77.9
2010-08-01,77.3,78.1
2010-09-01,75.1,78.4
2010-10-01,80.1,78.5
2010-11-01,82.7,79.6
2010-12-01,85.2,79.2
2011-01-01,78.0,79.7
2011-02-01,74.3,79.7
2011-03-01,84.8,80.6
2011-04-01,82.4,81.2
2011-05-01,83.0,81.2
2011-06-01,80.4,81.1
2011-07-01,77.2,81.3
2011-08-01,80.8,81.8
2011-09-01,78.7,82.0
2011-10-01,84.2,82.7
2011-11-01,86.4,83.0
2011-12-01,91.0,84.6
2012-01-01,82.5,84.5
2012-02-01,79.6,85.2
2012-03-01,89.3,85.9
2012-04-01,87.6,86.6
2012-05-01,88.0,86.6
2012-06-01,86.1,87.0
2012-07-01,83.0,87.5
2012-08-01,86.7,87.6
2012-09-01,82.7,87.2
2012-10-01,89.8,87.5
2012-11-01,91.6,88.1
2012-12-01,94.7,88.2
2013-01-01,86.6,88.8
2013-02-01,82.3,88.3
2013-03-01,92.9,89.0
2013-04-01,91.4,89.1
2013-05-01,90.7,89.2
2013-06-01,88.6,89.9
2013-07-01,85.5,90.0
2013-08-01,89.0,90.1
2013-09-01,85.3,89.8
2013-10-01,92.3,90.3
2013-11-01,94.5,90.7
2013-12-01,97.0,89.8
2014-01-01,88.1,89.9
2014-02-01,84.8,90.8
2014-03-01,95.3,90.9
2014-04-01,92.8,91.4
2014-05-01,92.5,91.5
2014-06-01,89.9,90.9
2014-07-01,86.1,90.6
2014-08-01,89.7,91.1
2014-09-01,87.4,90.9
2014-10-01,94.0,92.0
2014-11-01,95.3,91.5
2014-12-01,99.3,92.0
2015-01-01,90.4,92.7
2015-02-01,87.1,92.6
2015-03-01,97.4,92.1
2015-04-01,95.1,93.4
2015-05-01,93.7,93.2
2015-06-01,92.2,93.4
2015-07-01,88.2,93.0
2015-08-01,90.9,92.3
2015-09-01,90.0,93.5
2015-10-01,95.1,93.8
2015-11-01,97.4,93.4
2015-12-01,101.4,93.7
2016-01-01,92.1,94.5
2016-02-01,90.8,94.6
2016-03-01,100.2,94.5
2016-04-01,95.7,94.1
2016-05-01,95.6,94.0
2016-06-01,93.2,94.6
2016-07-01,89.2,94.7
2016-08-01,93.8,94.7
2016-09-01,91.5,95.1
2016-10-01,94.7,94.6
2016-11-01,98.7,94.7
2016-12-01,103.0,94.9
2017-01-01,92.5,94.5
2017-02-01,89.1,94.1
2017-03-01,100.5,93.7
2017-04-01,95.4,94.9
2017-05-01,96.9,95.4
2017-06-01,94.2,95.9
2017-07-01,90.9,96.8
2017-08-01,95.9,97.2
2017-09-01,92.8,97.6
2017-10-01,97.8,97.4
2017-11-01,102.1,98.1
2017-12-01,105.7,98.1
2018-01-01,96.9,98.8
2018-02-01,92.9,99.0
2018-03-01,105.3,99.3
2018-04-01,102.0,100.0
2018-05-01,101.5,100.3
2018-06-01,98.3,100.1
2018-07-01,93.7,100.1
2018-08-01,98.2,99.5
2018-09-01,94.4,99.8
2018-10-01,102.2,100.9
2018-11-01,105.6,101.8
2018-12-01,109.0,100.4
2019-01-01,98.8,100.9
2019-02-01,93.2,99.9
2019-03-01,106.7,101.0
2019-04-01,103.8,102.2
2019-05-01,103.4,102.4
2019-06-01,99.2,101.4
2019-07-01,96.3,101.5
2019-08-01,101.3,102.6
2019-09-01,97.0,101.3
2019-10-01,97.6,96.9
2019-11-01,100.3,96.9
2019-12-01,110.0,99.5
2020-01-01,99.7,101.8
2020-02-01,95.8,101.5
2020-03-01,102.0,96.1
2020-04-01,88.2,88.4
2020-05-01,86.9,86.8
2020-06-01,85.3,86.7
2020-07-01,85.0,88.8
2020-08-01,90.2,91.4
2020-09-01,92.2,94.8
2020-10-01,96.2,96.0
2020-11-01,101.3,97.3
2020-12-01,110.7,99.7
2021-01-01,96.3,100.4
2021-02-01,93.7,102.7
2021-03-01,108.8,101.3
2021-04-01,101.6,100.0
2021-05-01,103.9,103.3
2021-06-01,102.7,104.8
2021-07-01,99.8,106.5
2021-08-01,106.4,106.9
2021-09-01,104.7,107.6
2021-10-01,109.0,108.5
2021-11-01,114.8,109.5
2021-12-01,120.4,108.6
2022-01-01,103.3,106.8
2022-02-01,98.4,107.1
2022-03-01,115.0,108.3
2022-04-01,107.6,107.2
2022-05-01,109.7,108.5
2022-06-01,105.6,107.7
2022-07-01,99.4,105.0
2022-08-01,107.1,107.8
2022-09-01,104.8,108.0
2022-10-01,106.9,106.8
2022-11-01,111.5,106.4
2022-12-01,118.8,106.7
2023-01-01,104.7,107.4
2023-02-01,98.6,107.0
2023-03-01,113.3,106.8
2023-04-01,107.1,107.1
2023-05-01,109.0,107.8
2023-06-01,105.6,107.9
2023-07-01,102.3,108.2
2023-08-01,107.5,108.5
2023-09-01,105.8,109.4
2023-10-01,109.5,109.0
2023-11-01,114.1,109.0
2023-12-01,119.5,108.4
2024-01-01,108.6,110.2
2024-02-01,104.3,110.8
2024-03-01,114.6,109.2
2024-04-01,111.3,109.8
2024-05-01,109.4,109.3
2024-06-01,104.9,109.4
2024-07-01,106.9,111.8
2024-08-01,109.9,111.8
2024-09-01,106.3,110.9
2024-10-01,112.7,111.5
2024-11-01,116.8,112.2
2024-12-01,127.6,113.2
2025-01-01,112.2,113.6
2025-02-01,104.6,112.7
2025-03-01,120.3,113.3
2025-04-01,115.6,114.7
2025-05-01,113.7,114.4
2025-06-01,108.4,112.6
2025-07-01,108.6,114.2
2025-08-01,110.2,113.1
2025-09-01,109.8,113.9
2025-10-01,115.0,114.4
2025-11-01,118.4,113.7
2025-12-01,129.2,113.9
2026-01-01,111.2,113.5
2026-02-01,104.4,113.4
2026-03-01,120.4,113.9
2026-04-01,114.4,113.7
2026-05-01,112.1,113.1
2026-06-01,110.6,113.8
2026-07-01,107.0,111.8
