Año,Tasa desocupación,IPC,IR,Actividad Económica
1986,13.785655227367968,17.35597104095592,,
1987,12.268410669890786,21.451753930939233,,
1988,10.800049958408414,12.682905651027344,,
1989,8.581001594573852,21.411445824043195,,
1990,8.411155623794606,27.329209705501167,,
1991,8.87944276475093,18.658016459422132,,
1992,7.143348578940739,12.694274287450003,,
1993,7.009966378121442,12.234675770984493,,
1994,8.478531517685886,8.945725264169058,,
1995,7.885131790119064,8.198317351849816,,
1996,6.752890129489572,6.631466358805449,,
1997,6.51620067938333,6.045504481984487,,
1998,6.851360580935157,4.664884991892371,,
1999,11.285288784550351,2.3095350805468318,,
2000,10.703274167610243,4.5260161803676535,,
2001,10.931807069804158,2.635850246146809,,
2002,10.866299337710146,2.8243197323365665,,
2003,10.543230775992498,1.0727677152844173,,
2004,11.119582620582397,2.4283504571234404,,
2005,10.178849166476992,3.6635972989564003,,
2006,8.464759490936192,2.567686003268843,3.0,
2007,7.683947836047598,7.823144962010109,0.5,
2008,8.455619754868165,7.092753033402244,1.3,
2009,10.727902877266109,-1.3799999999999923,6.4,
2010,8.28329378860123,3.0,3.0,5.851651022252513
2011,7.309059663470239,4.4,1.81404427905918,6.223896785104821
2012,6.5963722433287355,1.5,4.74652585819477,6.155340018560551
2013,6.088515003885285,3.0,2.4261752485478,3.3085082472000593
2014,6.497765896187227,4.6,2.41231829300947,1.7926494714088914
2015,6.331843824520394,4.4,0.781875417425493,2.151942499810877
2016,6.689795983102178,2.7,1.96354133370715,1.753038749045266
2017,6.964017089299901,2.3,2.81361486689686,1.3576953734763642
2018,7.37727484607664,2.6,1.19621457253001,3.9900294778563827
2019,7.220579952118343,3.0,1.56516852551105,0.6442234026734273
2020,10.520806589763772,3.0,1.02554082362363,-6.139696941207784
2021,8.810548151116151,7.2,-0.307482591660757,11.337403240992394
2022,7.883009208551462,12.8,-1.71286341076631,2.0639186425542855
2023,8.68073520421937,3.9,3.58465915251678,0.6770248315811633
2024,8.472507914776576,4.5,3.17659076320327,2.8051263710567653
2025,8.55521770387016,3.5,2.52201064220934,2.4592547478085924
