Año,Mes,nombre_mes,mes_año,Índice,Variación Mensual (%),Variación 12 Meses (%),Glosa
2009,12,Diciembre,Diciembre 2009,57.31,,,IPC General
2010,1,Enero,Enero 2010,57.61,0.5,,IPC General
2010,2,Febrero,Febrero 2010,57.77,0.3,,IPC General
2010,3,Marzo,Marzo 2010,57.82,0.1,,IPC General
2010,4,Abril,Abril 2010,58.09,0.5,,IPC General
2010,5,Mayo,Mayo 2010,58.3,0.4,,IPC General
2010,6,Junio,Junio 2010,58.3,0.0,,IPC General
2010,7,Julio,Julio 2010,58.67,0.6,,IPC General
2010,8,Agosto,Agosto 2010,58.62,-0.1,,IPC General
2010,9,Septiembre,Septiembre 2010,58.85,0.4,,IPC General
2010,10,Octubre,Octubre 2010,58.91,0.1,,IPC General
2010,11,Noviembre,Noviembre 2010,58.95,0.1,,IPC General
2010,12,Diciembre,Diciembre 2010,59.02,0.1,,IPC General
2011,1,Enero,Enero 2011,59.18,0.3,2.7,IPC General
2011,2,Febrero,Febrero 2011,59.31,0.2,2.7,IPC General
2011,3,Marzo,Marzo 2011,59.77,0.8,3.4,IPC General
2011,4,Abril,Abril 2011,59.96,0.3,3.2,IPC General
2011,5,Mayo,Mayo 2011,60.2,0.4,3.3,IPC General
2011,6,Junio,Junio 2011,60.3,0.2,3.4,IPC General
2011,7,Julio,Julio 2011,60.38,0.1,2.9,IPC General
2011,8,Agosto,Agosto 2011,60.47,0.2,3.2,IPC General
2011,9,Septiembre,Septiembre 2011,60.78,0.5,3.3,IPC General
2011,10,Octubre,Octubre 2011,61.07,0.5,3.7,IPC General
2011,11,Noviembre,Noviembre 2011,61.26,0.3,3.9,IPC General
2011,12,Diciembre,Diciembre 2011,61.64,0.6,4.4,IPC General
2012,1,Enero,Enero 2012,61.69,0.1,4.2,IPC General
2012,2,Febrero,Febrero 2012,61.93,0.4,4.4,IPC General
2012,3,Marzo,Marzo 2012,62.03,0.2,3.8,IPC General
2012,4,Abril,Abril 2012,62.06,0.1,3.5,IPC General
2012,5,Mayo,Mayo 2012,62.08,0.0,3.1,IPC General
2012,6,Junio,Junio 2012,61.9,-0.3,2.7,IPC General
2012,7,Julio,Julio 2012,61.89,0.0,2.5,IPC General
2012,8,Agosto,Agosto 2012,62.03,0.2,2.6,IPC General
2012,9,Septiembre,Septiembre 2012,62.5,0.8,2.8,IPC General
2012,10,Octubre,Octubre 2012,62.85,0.6,2.9,IPC General
2012,11,Noviembre,Noviembre 2012,62.57,-0.5,2.1,IPC General
2012,12,Diciembre,Diciembre 2012,62.55,0.0,1.5,IPC General
2013,1,Enero,Enero 2013,62.67,0.2,1.6,IPC General
2013,2,Febrero,Febrero 2013,62.74,0.1,1.3,IPC General
2013,3,Marzo,Marzo 2013,62.98,0.4,1.5,IPC General
2013,4,Abril,Abril 2013,62.68,-0.5,1.0,IPC General
2013,5,Mayo,Mayo 2013,62.67,0.0,0.9,IPC General
2013,6,Junio,Junio 2013,63.07,0.6,1.9,IPC General
2013,7,Julio,Julio 2013,63.24,0.3,2.2,IPC General
2013,8,Agosto,Agosto 2013,63.39,0.2,2.2,IPC General
2013,9,Septiembre,Septiembre 2013,63.73,0.5,2.0,IPC General
2013,10,Octubre,Octubre 2013,63.82,0.1,1.5,IPC General
2013,11,Noviembre,Noviembre 2013,64.06,0.4,2.4,IPC General
2013,12,Diciembre,Diciembre 2013,64.44,0.6,3.0,IPC General
2014,1,Enero,Enero 2014,64.56,0.2,3.0,IPC General
2014,2,Febrero,Febrero 2014,64.87,0.5,3.4,IPC General
2014,3,Marzo,Marzo 2014,65.41,0.8,3.9,IPC General
2014,4,Abril,Abril 2014,65.82,0.6,5.0,IPC General
2014,5,Mayo,Mayo 2014,66.04,0.3,5.4,IPC General
2014,6,Junio,Junio 2014,66.08,0.1,4.8,IPC General
2014,7,Julio,Julio 2014,66.23,0.2,4.7,IPC General
2014,8,Agosto,Agosto 2014,66.44,0.3,4.8,IPC General
2014,9,Septiembre,Septiembre 2014,67.0,0.8,5.1,IPC General
2014,10,Octubre,Octubre 2014,67.7,1.0,6.1,IPC General
2014,11,Noviembre,Noviembre 2014,67.71,0.0,5.7,IPC General
2014,12,Diciembre,Diciembre 2014,67.43,-0.4,4.6,IPC General
2015,1,Enero,Enero 2015,67.49,0.1,4.5,IPC General
2015,2,Febrero,Febrero 2015,67.72,0.4,4.4,IPC General
2015,3,Marzo,Marzo 2015,68.15,0.6,4.2,IPC General
2015,4,Abril,Abril 2015,68.54,0.6,4.1,IPC General
2015,5,Mayo,Mayo 2015,68.66,0.2,4.0,IPC General
2015,6,Junio,Junio 2015,69.0,0.5,4.4,IPC General
2015,7,Julio,Julio 2015,69.29,0.4,4.6,IPC General
2015,8,Agosto,Agosto 2015,69.76,0.7,5.0,IPC General
2015,9,Septiembre,Septiembre 2015,70.11,0.5,4.6,IPC General
2015,10,Octubre,Octubre 2015,70.4,0.4,4.0,IPC General
2015,11,Noviembre,Noviembre 2015,70.38,0.0,3.9,IPC General
2015,12,Diciembre,Diciembre 2015,70.39,0.0,4.4,IPC General
2016,1,Enero,Enero 2016,70.72,0.5,4.8,IPC General
2016,2,Febrero,Febrero 2016,70.91,0.3,4.7,IPC General
2016,3,Marzo,Marzo 2016,71.18,0.4,4.5,IPC General
2016,4,Abril,Abril 2016,71.42,0.3,4.2,IPC General
2016,5,Mayo,Mayo 2016,71.58,0.2,4.2,IPC General
2016,6,Junio,Junio 2016,71.9,0.4,4.2,IPC General
2016,7,Julio,Julio 2016,72.07,0.2,4.0,IPC General
2016,8,Agosto,Agosto 2016,72.11,0.0,3.4,IPC General
2016,9,Septiembre,Septiembre 2016,72.28,0.2,3.1,IPC General
2016,10,Octubre,Octubre 2016,72.4,0.2,2.8,IPC General
2016,11,Noviembre,Noviembre 2016,72.44,0.1,2.9,IPC General
2016,12,Diciembre,Diciembre 2016,72.29,-0.2,2.7,IPC General
2017,1,Enero,Enero 2017,72.68,0.5,2.8,IPC General
2017,2,Febrero,Febrero 2017,72.86,0.2,2.7,IPC General
2017,3,Marzo,Marzo 2017,73.14,0.4,2.7,IPC General
2017,4,Abril,Abril 2017,73.31,0.2,2.7,IPC General
2017,5,Mayo,Mayo 2017,73.4,0.1,2.6,IPC General
2017,6,Junio,Junio 2017,73.12,-0.4,1.7,IPC General
2017,7,Julio,Julio 2017,73.29,0.2,1.7,IPC General
2017,8,Agosto,Agosto 2017,73.44,0.2,1.9,IPC General
2017,9,Septiembre,Septiembre 2017,73.33,-0.2,1.5,IPC General
2017,10,Octubre,Octubre 2017,73.76,0.6,1.9,IPC General
2017,11,Noviembre,Noviembre 2017,73.83,0.1,1.9,IPC General
2017,12,Diciembre,Diciembre 2017,73.93,0.1,2.3,IPC General
2018,1,Enero,Enero 2018,74.27,0.5,2.2,IPC General
2018,2,Febrero,Febrero 2018,74.31,0.0,2.0,IPC General
2018,3,Marzo,Marzo 2018,74.46,0.2,1.8,IPC General
2018,4,Abril,Abril 2018,74.7,0.3,1.9,IPC General
2018,5,Mayo,Mayo 2018,74.9,0.3,2.0,IPC General
2018,6,Junio,Junio 2018,74.98,0.1,2.5,IPC General
2018,7,Julio,Julio 2018,75.25,0.4,2.7,IPC General
2018,8,Agosto,Agosto 2018,75.38,0.2,2.6,IPC General
2018,9,Septiembre,Septiembre 2018,75.63,0.3,3.1,IPC General
2018,10,Octubre,Octubre 2018,75.91,0.4,2.9,IPC General
2018,11,Noviembre,Noviembre 2018,75.91,0.0,2.8,IPC General
2018,12,Diciembre,Diciembre 2018,75.83,-0.1,2.6,IPC General
2019,1,Enero,Enero 2019,75.91,0.1,2.2,IPC General
2019,2,Febrero,Febrero 2019,75.95,0.0,2.2,IPC General
2019,3,Marzo,Marzo 2019,76.31,0.5,2.5,IPC General
2019,4,Abril,Abril 2019,76.51,0.3,2.4,IPC General
2019,5,Mayo,Mayo 2019,76.97,0.6,2.8,IPC General
2019,6,Junio,Junio 2019,77.01,0.0,2.7,IPC General
2019,7,Julio,Julio 2019,77.18,0.2,2.6,IPC General
2019,8,Agosto,Agosto 2019,77.32,0.2,2.6,IPC General
2019,9,Septiembre,Septiembre 2019,77.33,0.0,2.2,IPC General
2019,10,Octubre,Octubre 2019,77.96,0.8,2.7,IPC General
2019,11,Noviembre,Noviembre 2019,78.03,0.1,2.8,IPC General
2019,12,Diciembre,Diciembre 2019,78.1,0.1,3.0,IPC General
2020,1,Enero,Enero 2020,78.55,0.6,3.5,IPC General
2020,2,Febrero,Febrero 2020,78.9,0.4,3.9,IPC General
2020,3,Marzo,Marzo 2020,79.16,0.3,3.7,IPC General
2020,4,Abril,Abril 2020,79.13,0.0,3.4,IPC General
2020,5,Mayo,Mayo 2020,79.09,-0.1,2.8,IPC General
2020,6,Junio,Junio 2020,79.03,-0.1,2.6,IPC General
2020,7,Julio,Julio 2020,79.11,0.1,2.5,IPC General
2020,8,Agosto,Agosto 2020,79.22,0.1,2.4,IPC General
2020,9,Septiembre,Septiembre 2020,79.72,0.6,3.1,IPC General
2020,10,Octubre,Octubre 2020,80.27,0.7,3.0,IPC General
2020,11,Noviembre,Noviembre 2020,80.16,-0.1,2.7,IPC General
2020,12,Diciembre,Diciembre 2020,80.43,0.3,3.0,IPC General
2021,1,Enero,Enero 2021,80.99,0.7,3.1,IPC General
2021,2,Febrero,Febrero 2021,81.14,0.2,2.8,IPC General
2021,3,Marzo,Marzo 2021,81.45,0.4,2.9,IPC General
2021,4,Abril,Abril 2021,81.75,0.4,3.3,IPC General
2021,5,Mayo,Mayo 2021,81.97,0.3,3.6,IPC General
2021,6,Junio,Junio 2021,82.04,0.1,3.8,IPC General
2021,7,Julio,Julio 2021,82.7,0.8,4.5,IPC General
2021,8,Agosto,Agosto 2021,83.0,0.4,4.8,IPC General
2021,9,Septiembre,Septiembre 2021,83.98,1.2,5.3,IPC General
2021,10,Octubre,Octubre 2021,85.1,1.3,6.0,IPC General
2021,11,Noviembre,Noviembre 2021,85.53,0.5,6.7,IPC General
2021,12,Diciembre,Diciembre 2021,86.2,0.8,7.2,IPC General
2022,1,Enero,Enero 2022,87.23,1.2,7.7,IPC General
2022,2,Febrero,Febrero 2022,87.48,0.3,7.8,IPC General
2022,3,Marzo,Marzo 2022,89.11,1.9,9.4,IPC General
2022,4,Abril,Abril 2022,90.35,1.4,10.5,IPC General
2022,5,Mayo,Mayo 2022,91.43,1.2,11.5,IPC General
2022,6,Junio,Junio 2022,92.29,0.9,12.5,IPC General
2022,7,Julio,Julio 2022,93.56,1.4,13.1,IPC General
2022,8,Agosto,Agosto 2022,94.69,1.2,14.1,IPC General
2022,9,Septiembre,Septiembre 2022,95.51,0.9,13.7,IPC General
2022,10,Octubre,Octubre 2022,96.0,0.5,12.8,IPC General
2022,11,Noviembre,Noviembre 2022,96.94,1.0,13.3,IPC General
2022,12,Diciembre,Diciembre 2022,97.21,0.3,12.8,IPC General
2023,1,Enero,Enero 2023,98.0,0.8,12.3,IPC General
2023,2,Febrero,Febrero 2023,97.93,-0.1,11.9,IPC General
2023,3,Marzo,Marzo 2023,99.0,1.1,11.1,IPC General
2023,4,Abril,Abril 2023,99.3,0.3,9.9,IPC General
2023,5,Mayo,Mayo 2023,99.41,0.1,8.7,IPC General
2023,6,Junio,Junio 2023,99.26,-0.2,7.6,IPC General
2023,7,Julio,Julio 2023,99.61,0.4,6.5,IPC General
2023,8,Agosto,Agosto 2023,99.72,0.1,5.3,IPC General
2023,9,Septiembre,Septiembre 2023,100.39,0.7,5.1,IPC General
2023,10,Octubre,Octubre 2023,100.84,0.4,5.0,IPC General
2023,11,Noviembre,Noviembre 2023,101.59,0.7,4.8,IPC General
2023,12,Diciembre,Diciembre 2023,101.04,-0.5,3.9,IPC General
2024,1,Enero,Enero 2024,101.72,0.7,3.8,IPC General
2024,2,Febrero,Febrero 2024,102.32,0.6,4.5,IPC General
2024,3,Marzo,Marzo 2024,102.7,0.4,3.7,IPC General
2024,4,Abril,Abril 2024,103.24,0.5,4.0,IPC General
2024,5,Mayo,Mayo 2024,103.52,0.3,4.1,IPC General
2024,6,Junio,Junio 2024,103.42,-0.1,4.2,IPC General
2024,7,Julio,Julio 2024,104.19,0.7,4.6,IPC General
2024,8,Agosto,Agosto 2024,104.45,0.3,4.7,IPC General
2024,9,Septiembre,Septiembre 2024,104.54,0.1,4.1,IPC General
2024,10,Octubre,Octubre 2024,105.56,1.0,4.7,IPC General
2024,11,Noviembre,Noviembre 2024,105.83,0.2,4.2,IPC General
2024,12,Diciembre,Diciembre 2024,105.62,-0.2,4.5,IPC General
2025,1,Enero,Enero 2025,106.74,1.1,4.9,IPC General
2025,2,Febrero,Febrero 2025,107.16,0.4,4.7,IPC General
2025,3,Marzo,Marzo 2025,107.7,0.5,4.9,IPC General
2025,4,Abril,Abril 2025,107.91,0.2,4.5,IPC General
2025,5,Mayo,Mayo 2025,108.12,0.2,4.4,IPC General
2025,6,Junio,Junio 2025,107.68,-0.4,4.1,IPC General
2025,7,Julio,Julio 2025,108.62,0.9,4.3,IPC General
2025,8,Agosto,Agosto 2025,108.66,0.0,4.0,IPC General
2025,9,Septiembre,Septiembre 2025,109.14,0.4,4.4,IPC General
2025,10,Octubre,Octubre 2025,109.19,0.0,3.4,IPC General
2025,11,Noviembre,Noviembre 2025,109.47,0.3,3.4,IPC General
2025,12,Diciembre,Diciembre 2025,109.26,-0.2,3.5,IPC General
2026,1,Enero,Enero 2026,109.71,0.4,2.8,IPC General
2026,2,Febrero,Febrero 2026,109.7,0.0,2.4,IPC General
2026,3,Marzo,Marzo 2026,110.75,1.0,2.8,IPC General
2026,4,Abril,Abril 2026,112.18,1.3,4.0,IPC General
2026,5,Mayo,Mayo 2026,112.37,0.2,3.9,IPC General
2026,6,Junio,Junio 2026,112.35,0.0,4.3,IPC General
2026,7,Julio,Julio 2026,112.45,0.1,3.5,IPC General
2026,8,Agosto,Agosto 2026,113.15,0.6,4.1,IPC General
