fecha,ipc_anual,ir_real_anual,estado_ir,desocupacion,Trimestre,fecha_central_ene,fecha_final_ene,imacec_original,imacec_sa,imacec_promedio_3m,imacec_promedio_anual,imacec_sa_anual,imacec_acumulado_anual,imacec_sa_mensual,imacec_inicio_promedio,imacec_fin_promedio
1996-01-01,,,,,,,,42.5,42.0,,,,,,1995-12-01,1996-02-01
1996-02-01,,,,,,,,41.2,42.5,42.800000000000004,,,,1.1904761904761862,1996-01-01,1996-03-01
1996-03-01,,,,,,,,44.7,42.5,43.20000000000001,,,,0.0,1996-02-01,1996-04-01
1996-04-01,,,,,,,,43.7,42.6,43.96666666666667,,,,0.23529411764706687,1996-03-01,1996-05-01
1996-05-01,,,,,,,,43.5,42.6,43.03333333333333,,,,0.0,1996-04-01,1996-06-01
1996-06-01,,,,,,,,41.9,43.1,42.266666666666666,,,,1.1737089201877993,1996-05-01,1996-07-01
1996-07-01,,,,,,,,41.4,43.1,41.800000000000004,,,,0.0,1996-06-01,1996-08-01
1996-08-01,,,,,,,,42.1,43.2,41.333333333333336,,,,0.23201856148491462,1996-07-01,1996-09-01
1996-09-01,,,,,,,,40.5,43.3,42.233333333333334,,,,0.23148148148146586,1996-08-01,1996-10-01
1996-10-01,,,,,,,,44.1,43.7,43.03333333333333,,,,0.9237875288683695,1996-09-01,1996-11-01
1996-11-01,,,,,,,,44.5,43.8,45.23333333333333,,,,0.22883295194506825,1996-10-01,1996-12-01
1996-12-01,,,,,,,,47.1,44.0,45.56666666666666,,,,0.4566210045662267,1996-11-01,1997-01-01
1997-01-01,,,,,,,,45.1,44.9,45.13333333333333,,6.904761904761902,6.117647058823539,2.0454545454545503,1996-12-01,1997-02-01
1997-02-01,,,,,,,,43.2,44.8,45.166666666666664,5.529595015576305,5.411764705882338,5.4958183990442055,-0.22271714922049712,1997-01-01,1997-03-01
1997-03-01,,,,,,,,47.2,44.7,45.56666666666666,5.478395061728358,5.1764705882352935,5.529595015576327,-0.22321428571426827,1997-02-01,1997-04-01
1997-04-01,,,,,,,,46.3,45.2,46.800000000000004,6.444275966641411,6.103286384976525,5.636257989540949,1.118568232662187,1997-03-01,1997-05-01
1997-05-01,,,,,,,,46.9,46.1,45.93333333333334,6.738962044926433,8.21596244131455,6.076066790352486,1.9911504424778625,1997-04-01,1997-06-01
1997-06-01,,,,,,,,44.6,45.9,45.36666666666667,7.334384858044163,6.49651972157772,6.135922330097099,-0.4338394793926281,1997-05-01,1997-07-01
1997-07-01,,,,,,,,44.6,46.3,44.86666666666667,7.336523125996797,7.424593967517401,6.35664101706257,0.8714596949890963,1997-06-01,1997-08-01
1997-08-01,,,,,,,,45.4,46.8,44.73333333333333,8.225806451612883,8.333333333333325,6.539589442815252,1.0799136069114423,1997-07-01,1997-09-01
1997-09-01,,,,,,,,44.2,47.2,45.800000000000004,8.445146014206806,9.00692840646653,6.815203145478366,0.8547008547008739,1997-08-01,1997-10-01
1997-10-01,,,,,,,,47.8,47.4,46.86666666666667,8.907823392718829,8.466819221967947,6.978383458646609,0.4237288135593209,1997-09-01,1997-11-01
1997-11-01,,,,,,,,48.6,47.8,49.300000000000004,8.990420044215197,9.1324200913242,7.189959583067429,0.8438818565400741,1997-10-01,1997-12-01
1997-12-01,,,,,,,,51.5,48.1,49.5,8.63204096561816,9.318181818181825,7.385924207269912,0.6276150627615218,1997-11-01,1998-01-01
1998-01-01,,,,,,,,48.4,48.1,48.76666666666667,8.050221565731185,7.126948775055686,7.317073170731692,0.0,1997-12-01,1998-02-01
1998-02-01,,,,,,,,46.4,48.0,48.63333333333333,7.675276752767535,7.14285714285714,7.361268403170995,-0.20790020790021346,1998-01-01,1998-03-01
1998-03-01,,,,,,,,51.1,48.4,49.333333333333336,8.266276517922467,8.277404921700215,7.675276752767535,0.8333333333333304,1998-02-01,1998-04-01
1998-04-01,,,,,,,,50.5,49.3,50.36666666666667,7.621082621082609,9.07079646017699,8.030803080308036,1.8595041322313932,1998-03-01,1998-05-01
1998-05-01,,,,,,,,49.5,48.8,49.13333333333333,6.966618287372994,5.856832971800419,7.520769567118513,-1.0141987829614618,1998-04-01,1998-06-01
1998-06-01,,,,,,,,47.4,48.8,47.9,5.58412931667891,6.318082788671031,7.31796560556166,0.0,1998-05-01,1998-07-01
1998-07-01,,,,,,,,46.8,48.8,47.06666666666666,4.903417533432375,5.399568034557234,6.983328090594543,0.0,1998-06-01,1998-08-01
1998-08-01,,,,,,,,47.0,48.5,46.46666666666666,3.874813710879277,3.6324786324786418,6.551059730250475,-0.6147540983606481,1998-07-01,1998-09-01
1998-09-01,,,,,,,,45.6,48.6,46.76666666666667,2.1106259097525504,2.9661016949152463,6.1840490797546055,0.20618556701030855,1998-08-01,1998-10-01
1998-10-01,,,,,,,,47.7,47.4,47.0,0.2844950213371167,0.0,5.512848671205783,-2.4691358024691468,1998-09-01,1998-11-01
1998-11-01,,,,,,,,47.7,46.8,48.6,-1.4198782961460488,-2.092050209205021,4.802540186544957,-1.2658227848101333,1998-10-01,1998-12-01
1998-12-01,,,,,,,,50.4,47.0,48.46666666666667,-2.0875420875420825,-2.2869022869022926,4.159164566078499,0.42735042735042583,1998-11-01,1999-01-01
1999-01-01,,,,,,,,47.3,47.0,47.63333333333333,-2.323991797676017,-2.2869022869022926,-2.2727272727272707,0.0,1998-12-01,1999-02-01
1999-02-01,,,,,,,,45.2,47.0,47.4,-2.5359835503769745,-2.083333333333337,-2.4261603375527407,0.0,1999-01-01,1999-03-01
1999-03-01,,,,,,,,49.7,47.2,47.666666666666664,-3.3783783783783883,-2.4793388429751984,-2.5359835503769856,0.42553191489362874,1999-02-01,1999-04-01
1999-04-01,,,,,,,,48.1,46.8,48.56666666666666,-3.573792190602254,-5.070993914807298,-3.1059063136456233,-0.8474576271186529,1999-03-01,1999-05-01
1999-05-01,,,,,,,,47.9,47.1,47.53333333333334,-3.256445047489809,-3.483606557377039,-3.13135420902807,0.641025641025661,1999-04-01,1999-06-01
1999-06-01,,,,,,,,46.6,47.7,46.76666666666667,-2.366040361864985,-2.254098360655721,-2.8980565973406036,1.273885350318471,1999-05-01,1999-07-01
1999-07-01,,,,,,,,45.8,47.7,46.36666666666667,-1.487252124645888,-2.254098360655721,-2.7932960893854775,0.0,1999-06-01,1999-08-01
1999-08-01,,,,,,,,46.7,48.0,46.166666666666664,-0.6456241032998467,-1.0309278350515427,-2.5316455696202556,0.6289308176100628,1999-07-01,1999-09-01
1999-09-01,,,,,,,,46.0,48.9,47.43333333333334,1.425516749821809,0.6172839506172867,-2.1724058238964616,1.8750000000000044,1999-08-01,1999-10-01
1999-10-01,,,,,,,,49.6,49.0,48.800000000000004,3.82978723404257,3.3755274261603407,-1.561199000832636,0.2044989775051187,1999-09-01,1999-11-01
1999-11-01,,,,,,,,50.8,49.7,51.23333333333333,5.418381344307255,6.196581196581219,-0.8331755349365588,1.4285714285714235,1999-10-01,1999-12-01
1999-12-01,,,,,,,,53.3,49.8,51.36666666666667,5.983493810178819,5.957446808510625,-0.2592912705272288,0.2012072434607548,1999-11-01,2000-01-01
2000-01-01,,,,,,,,50.0,49.9,50.36666666666667,5.738278516445061,6.170212765957439,5.708245243128962,0.20080321285140812,1999-12-01,2000-02-01
2000-02-01,,,,,,,,47.8,49.9,50.199999999999996,5.907172995780585,6.170212765957439,5.729729729729716,0.0,2000-01-01,2000-03-01
2000-03-01,,,,,,,,52.8,49.9,50.666666666666664,6.2937062937062915,5.720338983050843,5.907172995780585,0.0,2000-02-01,2000-04-01
2000-04-01,,,,,,,,51.4,50.1,51.73333333333333,6.520247083047348,7.051282051282071,6.148187073042566,0.4008016032064132,2000-03-01,2000-05-01
2000-05-01,,,,,,,,51.0,50.3,50.300000000000004,5.820476858345014,6.794055201698512,6.213266162888331,0.39920159680637557,2000-04-01,2000-06-01
2000-06-01,,,,,,,,48.5,49.7,49.300000000000004,5.41696364932287,4.192872117400426,5.86376404494382,-1.1928429423459175,2000-05-01,2000-07-01
2000-07-01,,,,,,,,48.4,50.6,48.73333333333333,5.104241552839661,6.079664570230614,5.83787053841498,1.810865191146882,2000-06-01,2000-08-01
2000-08-01,,,,,,,,49.3,50.9,48.46666666666667,4.981949458483759,6.041666666666656,5.8043996819507,0.5928853754940677,2000-07-01,2000-09-01
2000-09-01,,,,,,,,47.7,50.9,49.53333333333333,4.427266338720992,4.089979550102241,5.575242145050785,0.0,2000-08-01,2000-10-01
2000-10-01,,,,,,,,51.6,51.1,50.56666666666667,3.6202185792349795,4.285714285714293,5.4134066398815905,0.39292730844793233,2000-09-01,2000-11-01
2000-11-01,,,,,,,,52.4,51.4,52.93333333333333,3.3181522446324108,3.420523138832987,5.193813251861745,0.5870841487279899,2000-10-01,2000-12-01
2000-12-01,,,,,,,,54.8,51.7,52.76666666666667,2.7255029201817216,3.81526104417671,4.974003466204513,0.5836575875486361,2000-11-01,2001-01-01
2001-01-01,,,,,,,,51.1,51.4,51.76666666666666,2.779616148246178,3.006012024048088,2.200000000000002,-0.5802707930367634,2000-12-01,2001-02-01
2001-02-01,,,,,,,,49.4,51.8,51.866666666666674,3.320053120849953,3.8076152304609145,2.7607361963190247,0.7782101167315147,2001-01-01,2001-03-01
2001-03-01,,,,,,,,55.1,52.1,52.56666666666666,3.7499999999999867,4.4088176352705455,3.3200531208499307,0.5791505791505891,2001-02-01,2001-04-01
2001-04-01,,,,,,,,53.2,52.0,53.699999999999996,3.801546391752586,3.792415169660668,3.3663366336633693,-0.19193857965451588,2001-03-01,2001-05-01
2001-05-01,,,,,,,,52.8,52.3,52.43333333333334,4.241219350563297,3.976143141153088,3.3992094861660105,0.5769230769230749,2001-04-01,2001-06-01
2001-06-01,,,,,,,,51.3,52.6,51.26666666666667,3.989181879648407,5.835010060362178,3.7810945273631713,0.5736137667304186,2001-05-01,2001-07-01
2001-07-01,,,,,,,,49.7,52.0,50.56666666666666,3.7619699042407806,2.7667984189723382,3.6296084595598854,-1.1406844106463865,2001-06-01,2001-08-01
2001-08-01,,,,,,,,50.7,52.3,49.800000000000004,2.751031636863832,2.7504911591355485,3.532064128256529,0.5769230769230749,2001-07-01,2001-09-01
2001-09-01,,,,,,,,49.0,52.1,50.93333333333334,2.826379542395707,2.3575638506876384,3.445961065115255,-0.3824091778202643,2001-08-01,2001-10-01
2001-10-01,,,,,,,,53.1,52.4,51.93333333333334,2.7027027027026973,2.544031311154593,3.390170511534607,0.5758157389635254,2001-09-01,2001-11-01
2001-11-01,,,,,,,,53.7,52.7,54.13333333333333,2.267002518891692,2.529182879377445,3.303684879288449,0.5725190839694694,2001-10-01,2001-12-01
2001-12-01,,,,,,,,55.6,52.4,53.900000000000006,2.1478205938092243,1.3539651837524147,3.1368664355291287,-0.5692599620493399,2001-11-01,2002-01-01
2002-01-01,,,,,,,,52.4,53.1,52.53333333333333,1.481004507405026,3.30739299610896,2.544031311154593,1.335877862595436,2001-12-01,2002-02-01
2002-02-01,,,,,,,,49.6,52.8,52.5,1.2210796915167021,1.9305019305019266,1.4925373134328401,-0.5649717514124353,2002-01-01,2002-03-01
2002-03-01,,,,,,,,55.5,52.9,53.29999999999999,1.3950538998097617,1.5355086372360827,1.2210796915167021,0.18939393939394478,2002-02-01,2002-04-01
2002-04-01,,,,,,,,54.8,53.5,54.76666666666667,1.9863438857852467,2.8846153846153744,1.676245210727978,1.1342155009451904,2002-03-01,2002-05-01
2002-05-01,,,,,,,,54.0,53.1,53.800000000000004,2.6064844246662444,1.5296367112810794,1.7966360856269015,-0.747663551401867,2002-04-01,2002-06-01
2002-06-01,,,,,,,,52.6,53.5,52.73333333333333,2.860858257477217,1.7110266159695797,1.9175455417066223,0.7532956685499137,2002-05-01,2002-07-01
2002-07-01,,,,,,,,51.6,53.6,52.26666666666667,3.3618984838497123,3.076923076923088,2.178709321566452,0.18691588785046953,2002-06-01,2002-08-01
2002-08-01,,,,,,,,52.6,53.9,51.900000000000006,4.216867469879526,3.0592734225621365,2.371158964432629,0.5597014925373012,2002-07-01,2002-09-01
2002-09-01,,,,,,,,51.5,54.3,53.23333333333333,4.515706806282704,4.222648752399216,2.660609993510721,0.7421150278293043,2002-08-01,2002-10-01
2002-10-01,,,,,,,,55.6,54.5,54.43333333333334,4.81386392811296,4.007633587786263,2.871556072953063,0.36832412523020164,2002-09-01,2002-11-01
2002-11-01,,,,,,,,56.2,54.7,56.76666666666667,4.864532019704448,3.795066413662229,3.0398875417325444,0.3669724770642313,2002-10-01,2002-12-01
2002-12-01,,,,,,,,58.5,54.9,56.53333333333333,4.885590599876299,4.770992366412208,3.2335521050103955,0.3656307129798808,2002-11-01,2003-01-01
2003-01-01,,,,,,,,54.9,55.4,55.300000000000004,5.266497461928954,4.331450094161959,4.770992366412208,0.9107468123861651,2002-12-01,2003-02-01
2003-02-01,,,,,,,,52.5,55.6,55.300000000000004,5.3333333333333455,5.3030303030303205,5.294117647058827,0.3610108303249149,2003-01-01,2003-03-01
2003-03-01,,,,,,,,58.5,55.5,56.133333333333326,5.31582238899313,4.914933837429114,5.3333333333333455,-0.17985611510791255,2003-02-01,2003-04-01
2003-04-01,,,,,,,,57.4,55.9,57.599999999999994,5.173463177115001,4.485981308411202,5.181347150259064,0.7207207207207134,2003-03-01,2003-05-01
2003-05-01,,,,,,,,56.9,56.0,56.56666666666666,5.142503097893414,5.461393596986808,5.219677055951921,0.17889087656530744,2003-04-01,2003-06-01
2003-06-01,,,,,,,,55.4,56.3,55.5,5.246523388116331,5.23364485981308,5.236751332706202,0.5357142857142838,2003-05-01,2003-07-01
2003-07-01,,,,,,,,54.2,56.4,54.833333333333336,4.910714285714279,5.223880597014929,5.209176788124159,0.1776198934280604,2003-06-01,2003-08-01
2003-08-01,,,,,,,,54.9,56.3,54.26666666666667,4.560051380860619,4.45269016697587,5.105176081304652,-0.17730496453900457,2003-07-01,2003-09-01
2003-09-01,,,,,,,,53.7,56.6,55.53333333333333,4.320601127113344,4.23572744014733,5.014749262536866,0.5328596802842034,2003-08-01,2003-10-01
2003-10-01,,,,,,,,58.0,56.7,56.666666666666664,4.102878138395583,4.036697247706433,4.9415314975480795,0.17667844522968323,2003-09-01,2003-11-01
2003-11-01,,,,,,,,58.3,56.7,58.96666666666667,3.875513799177921,3.656307129798897,4.826057298772191,0.0,2003-10-01,2003-12-01
2003-12-01,,,,,,,,60.6,56.8,58.63333333333333,3.714622641509435,3.4608378870673917,4.713909133198935,0.17636684303350414,2003-11-01,2004-01-01
2004-01-01,,,,,,,,57.0,57.5,57.5,3.9783001808318286,3.790613718411562,3.825136612021862,1.232394366197198,2003-12-01,2004-02-01
2004-02-01,,,,,,,,54.9,57.9,57.93333333333334,4.761904761904767,4.136690647482011,4.189944134078205,0.6956521739130306,2004-01-01,2004-03-01
2004-03-01,,,,,,,,61.9,58.5,59.13333333333333,5.344418052256539,5.405405405405395,4.761904761904767,1.0362694300518172,2004-02-01,2004-04-01
2004-04-01,,,,,,,,60.6,58.8,60.86666666666667,5.671296296296302,5.187835420393561,4.9708911777877285,0.512820512820511,2004-03-01,2004-05-01
2004-05-01,,,,,,,,60.1,59.1,59.73333333333333,5.5981143193871485,5.535714285714288,5.103497501784449,0.5102040816326703,2004-04-01,2004-06-01
2004-06-01,,,,,,,,58.5,59.3,58.866666666666674,6.066066066066078,5.328596802841923,5.184743742550646,0.33840947546530664,2004-05-01,2004-07-01
2004-07-01,,,,,,,,58.0,60.4,58.53333333333333,6.747720364741627,7.092198581560294,5.43868650590047,1.8549747048903997,2004-06-01,2004-08-01
2004-08-01,,,,,,,,59.1,60.6,58.300000000000004,7.432432432432434,7.637655417406752,5.711715763436032,0.33112582781458233,2004-07-01,2004-09-01
2004-09-01,,,,,,,,57.8,60.8,59.93333333333334,7.923169267707086,7.420494699646629,5.918940609951839,0.3300330033003229,2004-08-01,2004-10-01
2004-10-01,,,,,,,,62.9,61.5,61.36666666666667,8.29411764705883,8.465608465608465,6.182602444284679,1.1513157894736947,2004-09-01,2004-11-01
2004-11-01,,,,,,,,63.4,61.6,64.13333333333333,8.762012436404731,8.64197530864197,6.425898812428832,0.1626016260162677,2004-10-01,2004-12-01
2004-12-01,,,,,,,,66.1,61.7,63.5,8.300170551449693,8.626760563380298,6.663705019991117,0.16233766233766378,2004-11-01,2005-01-01
2005-01-01,,,,,,,,61.0,61.6,61.79999999999999,7.478260869565201,7.130434782608708,7.017543859649122,-0.16207455429497752,2004-12-01,2005-02-01
2005-02-01,,,,,,,,58.3,61.4,61.5,6.156501726121966,6.0449050086355705,6.613047363717595,-0.32467532467532756,2005-01-01,2005-03-01
2005-03-01,,,,,,,,65.2,62.0,62.63333333333333,5.918827508455471,5.982905982905984,6.156501726121966,0.9771986970684043,2005-02-01,2005-04-01
2005-04-01,,,,,,,,64.4,62.7,64.30000000000001,5.640744797371311,6.632653061224492,6.1860068259385725,1.1290322580645107,2005-03-01,2005-05-01
2005-05-01,,,,,,,,63.3,62.4,63.300000000000004,5.970982142857162,5.583756345177671,6.010186757215608,-0.4784688995215336,2005-04-01,2005-06-01
2005-06-01,,,,,,,,62.2,63.0,62.03333333333333,5.379388448471101,6.2394603709949426,6.062322946175636,0.9615384615384581,2005-05-01,2005-07-01
2005-07-01,,,,,,,,60.6,63.4,62.0,5.9225512528473745,4.966887417218535,5.8394160583941535,0.6349206349206327,2005-06-01,2005-08-01
2005-08-01,,,,,,,,63.2,64.8,61.666666666666664,5.774728416237829,6.930693069306915,5.977451606041262,2.208201892744488,2005-07-01,2005-09-01
2005-09-01,,,,,,,,61.2,64.4,63.333333333333336,5.672969966629582,5.92105263157896,5.9670392119719695,-0.6172839506172756,2005-08-01,2005-10-01
2005-10-01,,,,,,,,65.6,64.1,64.6,5.268875611080914,4.227642276422761,5.788761002031162,-0.46583850931678494,2005-09-01,2005-11-01
2005-11-01,,,,,,,,67.0,65.1,67.66666666666667,5.50935550935554,5.681818181818166,5.778049526138784,1.5600624024961096,2005-10-01,2005-12-01
2005-12-01,,,,,,,,70.4,65.7,67.23333333333333,5.879265091863517,6.482982171799034,5.844786894349574,0.9216589861751334,2005-11-01,2006-01-01
2006-01-01,,,,,,,,64.3,65.2,65.73333333333333,6.364617044228704,5.844155844155852,5.40983606557377,-0.7610350076103556,2005-12-01,2006-02-01
2006-02-01,,,,,,,,62.5,65.9,65.13333333333333,5.907859078590771,7.328990228013033,6.286672254819781,1.0736196319018454,2006-01-01,2006-03-01
2006-03-01,,,,,,,,68.6,65.6,66.23333333333333,5.747738158594995,5.806451612903207,5.907859078590771,-0.4552352048558639,2006-02-01,2006-04-01
2006-04-01,,,,,,,,67.6,66.3,68.03333333333332,5.806117159149782,5.741626794258359,5.664925672961019,1.0670731707317138,2006-03-01,2006-05-01
2006-05-01,,,,,,,,67.9,67.2,67.30000000000001,6.319115323854674,7.692307692307709,5.989750160153751,1.3574660633484337,2006-04-01,2006-06-01
2006-06-01,,,,,,,,66.4,67.3,66.2,6.716818914562062,6.825396825396823,6.116452991453003,0.14880952380951218,2006-05-01,2006-07-01
2006-07-01,,,,,,,,64.3,67.3,65.53333333333333,5.698924731182786,6.151419558359628,6.114942528735634,0.0,2006-06-01,2006-08-01
2006-08-01,,,,,,,,65.9,67.7,65.1,5.567567567567555,4.475308641975317,5.881172219991981,0.5943536404160454,2006-07-01,2006-09-01
2006-09-01,,,,,,,,65.1,68.5,67.16666666666667,6.052631578947376,6.36645962732918,5.934930282445494,1.1816838995568624,2006-08-01,2006-10-01
2006-10-01,,,,,,,,70.5,69.2,68.76666666666667,6.449948400412797,7.956318252730132,6.0960000000000125,1.0218978102189746,2006-09-01,2006-11-01
2006-11-01,,,,,,,,70.7,69.1,71.93333333333334,6.305418719211819,6.144393241167445,6.040462427745652,-0.14450867052023808,2006-10-01,2006-12-01
2006-12-01,,,,,,,,74.6,69.6,71.03333333333333,5.651958353991082,5.936073059360725,6.033578174186771,0.723589001447178,2006-11-01,2007-01-01
2007-01-01,,,,,,,,67.8,69.4,69.16666666666666,5.223123732251511,6.44171779141105,5.443234836702948,-0.2873563218390607,2006-12-01,2007-02-01
2007-02-01,,,,,,,,65.1,69.6,68.69999999999999,5.47594677584442,5.6145675265553585,4.8107255520504655,0.28818443804032867,2007-01-01,2007-03-01
2007-03-01,,,,,,,,73.2,71.1,69.93333333333334,5.586311021640666,8.384146341463406,5.47594677584442,2.155172413793105,2007-02-01,2007-04-01
2007-04-01,,,,,,,,71.5,70.7,72.03333333333335,5.879470847623747,6.636500754147812,5.551330798479093,-0.5625879043600457,2007-03-01,2007-05-01
2007-05-01,,,,,,,,71.4,70.7,71.0,5.49777117384842,5.208333333333326,5.469930492595965,0.0,2007-04-01,2007-06-01
2007-06-01,,,,,,,,70.1,70.7,69.43333333333334,4.884189325276944,5.052005943536408,5.48703750314623,0.0,2007-05-01,2007-07-01
2007-07-01,,,,,,,,66.8,69.9,68.73333333333333,4.883011190233977,3.8632986627043175,5.264298093587505,-1.1315417256011262,2007-06-01,2007-08-01
2007-08-01,,,,,,,,69.3,70.9,68.3,4.915514592933956,4.726735598227472,5.251184834123235,1.4306151645207432,2007-07-01,2007-09-01
2007-09-01,,,,,,,,68.8,71.9,70.5,4.962779156327546,4.963503649635048,5.298683766452905,1.4104372355430161,2007-08-01,2007-10-01
2007-10-01,,,,,,,,73.4,71.6,72.1,4.847309743092576,3.4682080924855363,5.172673804855976,-0.4172461752434131,2007-09-01,2007-11-01
2007-11-01,,,,,,,,74.1,72.1,75.36666666666666,4.772937905468022,4.341534008683068,5.137639683837558,0.6983240223463749,2007-10-01,2007-12-01
2007-12-01,,,,,,,,78.6,73.0,74.89999999999999,5.443453777569207,4.885057471264376,5.158337456704598,1.2482662968099856,2007-11-01,2008-01-01
2008-01-01,,,,,,,,72.0,73.2,73.5,6.265060240963871,5.475504322766556,6.194690265486735,0.273972602739736,2007-12-01,2008-02-01
2008-02-01,,,,,,,,69.9,74.1,72.89999999999999,6.113537117903944,6.465517241379315,6.772009029345405,1.2295081967212962,2008-01-01,2008-03-01
2008-03-01,,,,,,,,76.8,74.0,73.93333333333334,5.719733079122968,4.078762306610417,6.113537117903922,-0.13495276653170407,2008-02-01,2008-04-01
2008-04-01,,,,,,,,75.1,73.7,75.60000000000001,4.951411383618698,4.243281471004234,5.835734870316989,-0.40540540540540126,2008-03-01,2008-05-01
2008-05-01,,,,,,,,74.9,73.6,74.56666666666666,5.023474178403742,4.101838755304099,5.644699140401133,-0.13568521031208647,2008-04-01,2008-06-01
2008-06-01,,,,,,,,73.7,74.2,73.26666666666667,5.520883341334604,4.950495049504955,5.559532331185868,0.8152173913043681,2008-05-01,2008-07-01
2008-07-01,,,,,,,,71.2,74.4,71.89999999999999,4.6071774975751545,6.4377682403433445,5.700761473554228,0.26954177897573484,2008-06-01,2008-08-01
2008-08-01,,,,,,,,70.8,72.1,70.73333333333333,3.562713518789651,1.6925246826515972,5.259365994236309,-3.091397849462385,2008-07-01,2008-09-01
2008-09-01,,,,,,,,70.2,73.2,72.10000000000001,2.269503546099294,1.8080667593880273,4.903846153846159,1.5256588072122268,2008-08-01,2008-10-01
2008-10-01,,,,,,,,75.3,73.3,73.2,1.5256588072122268,2.3743016759776525,4.660166332090632,0.136612021857907,2008-09-01,2008-11-01
2008-11-01,,,,,,,,74.1,71.8,75.96666666666665,0.7961079168509411,-0.4160887656033285,4.212572909915746,-2.046384720327421,2008-10-01,2008-12-01
2008-12-01,,,,,,,,78.5,72.8,74.53333333333333,-0.4895416110369255,-0.2739726027397249,3.811316315727553,1.392757660167132,2008-11-01,2009-01-01
2009-01-01,,,,,,,,71.0,72.4,72.3,-1.6326530612244983,-1.0928961748633892,-1.388888888888884,-0.5494505494505364,2008-12-01,2009-02-01
2009-02-01,,,,,,,,67.4,72.2,71.3,-2.1947873799725626,-2.564102564102555,-2.466525722339674,-0.2762430939226568,2009-01-01,2009-03-01
2009-03-01,,,,,,,,75.5,72.3,72.06666666666666,-2.5247971145175963,-2.297297297297296,-2.1947873799725626,0.13850415512464131,2009-02-01,2009-04-01
2009-04-01,,,,,,,,73.3,72.0,73.86666666666666,-2.2927689594356426,-2.3066485753052923,-2.246426140231461,-0.4149377593360981,2009-03-01,2009-05-01
2009-05-01,,,,,,,,72.8,71.8,72.46666666666665,-2.816271792579361,-2.4456521739130377,-2.359641985353944,-0.2777777777777768,2009-04-01,2009-06-01
2009-06-01,,,,,,,,71.3,71.8,70.93333333333332,-3.1847133757961887,-3.234501347708907,-2.5090415913200603,0.0,2009-05-01,2009-07-01
2009-07-01,,,,,,,,68.7,72.2,70.5,-1.947148817802491,-2.9569892473118364,-2.647975077881626,0.5571030640668662,2009-06-01,2009-08-01
2009-08-01,,,,,,,,71.5,72.7,70.2,-0.7540056550424112,0.8321775312066793,-2.2073921971252575,0.6925207756232732,2009-07-01,2009-09-01
2009-09-01,,,,,,,,70.4,73.3,72.33333333333333,0.3236245954692407,0.136612021857907,-1.9401161014359958,0.8253094910591452,2009-08-01,2009-10-01
2009-10-01,,,,,,,,75.1,73.4,73.93333333333334,1.0018214936247771,0.13642564802183177,-1.7673653925195154,0.13642564802183177,2009-09-01,2009-11-01
2009-11-01,,,,,,,,76.3,73.5,76.93333333333334,1.2724879333041006,2.367688022284131,-1.3308457711442845,0.13623978201633413,2009-10-01,2009-12-01
2009-12-01,,,,,,,,79.4,74.0,76.06666666666666,2.0572450805008913,1.6483516483516425,-1.1104815864022566,0.6802721088435382,2009-11-01,2010-01-01
2010-01-01,,,R,,,,,72.5,74.3,73.89999999999999,2.2130013831258566,2.6243093922651894,2.1126760563380254,0.40540540540541237,2009-12-01,2010-02-01
2010-02-01,,,R,9.227598063619205,Ene - Mar,2010-02-01,2010-03-01,69.8,75.1,72.66666666666667,1.9167835437120306,4.016620498614953,2.817919075144504,1.076716016150736,2010-01-01,2010-03-01
2010-03-01,,,R,8.836054099283027,Feb - Abr,2010-03-01,2010-04-01,75.7,72.2,74.43333333333334,3.2839962997224914,-0.13831258644535493,1.9167835437120084,-3.8615179760319474,2010-02-01,2010-04-01
2010-04-01,,,R,9.0877307261896,Mar - May,2010-04-01,2010-05-01,77.8,76.4,76.93333333333334,4.151624548736477,6.111111111111112,2.9944289693593307,5.817174515235468,2010-03-01,2010-05-01
2010-05-01,,,R,8.65606400092629,Abr - Jun,2010-05-01,2010-06-01,77.3,76.0,77.10000000000001,6.393744250230027,5.84958217270195,3.6388888888889026,-0.5235602094240899,2010-04-01,2010-06-01
2010-06-01,,,R,8.511178714112768,May - Jul,2010-06-01,2010-07-01,76.2,76.7,75.86666666666666,6.954887218045114,6.8245125348189495,4.173429167632747,0.9210526315789558,2010-05-01,2010-07-01
2010-07-01,,,R,8.436275041202741,Jun - Ago,2010-07-01,2010-08-01,74.1,77.9,75.86666666666667,7.612293144208038,7.8947368421052655,4.679999999999995,1.5645371577575062,2010-06-01,2010-08-01
2010-08-01,,,R,8.12456869233612,Jul - Sep,2010-08-01,2010-09-01,77.3,78.1,75.5,7.549857549857553,7.427785419532307,5.109361329833773,0.25673940949935137,2010-07-01,2010-09-01
2010-09-01,,,R,7.814696708465468,Ago - Oct,2010-09-01,2010-10-01,75.1,78.4,77.5,7.14285714285714,6.957708049113243,5.281196448044856,0.3841229193342066,2010-08-01,2010-10-01
2010-10-01,,,R,7.2250504372039615,Sep - Nov,2010-10-01,2010-11-01,80.1,78.5,79.3,7.258791704238043,6.9482288828337735,5.425383542538342,0.12755102040815647,2010-09-01,2010-11-01
2010-11-01,,,R,7.210128889097038,Oct - Dic,2010-11-01,2010-12-01,82.7,79.6,82.66666666666667,7.452339688041598,8.299319727891152,5.710323963191732,1.4012738853503182,2010-10-01,2010-12-01
2010-12-01,,,R,7.441761718817921,Nov - Ene,2010-12-01,2011-01-01,85.2,79.2,81.96666666666665,7.756354075372474,7.027027027027022,5.855391314311897,-0.5025125628140614,2010-11-01,2011-01-01
2026-07-01,3.5,4.14498156001357,P,,,,,107.0,111.8,,,-2.101576182136611,-0.42124074546846524,-1.7574692442882234,2026-06-01,2026-08-01
2026-08-01,4.1,,,,,,,,,,,,,,,
