fecha,ipc_indice_original,ipc_mensual_original,ipc_anual_original,ipc_indice_sa,ipc_tendencia,ipc_factor_estacional,ipc_irregular,ipc_mensual_sa,ipc_anual_sa,ipc_anual_original_calculada
2009-12-01,57.31,,,57.3814160504457,57.4033188860805,0.99875541498692,0.999618439559596,,,
2010-01-01,57.61,0.5,,57.6383247298145,57.6202535322263,0.999508578190861,1.00031362579094,0.44772105160830744,,
2010-02-01,57.77,0.3,,57.8166146862715,57.759432356545,0.999193749296384,1.00099000851278,0.30932536171506264,,
2010-03-01,57.82,0.1,,57.7615492481702,57.8402370737552,1.00101193185762,0.998639565991326,-0.09524154674240837,,
2010-04-01,58.09,0.5,,58.0245010074081,58.0169035658716,1.00112881612861,1.0001309522065,0.45523668021461017,,
2010-05-01,58.3,0.4,,58.2595057773021,58.2284174991119,1.00069506636141,1.00053390216539,0.40500954909374887,,
2010-06-01,58.3,0.0,,58.3670448583488,58.4286395251883,0.998851323404987,0.998945813776601,0.1845863256337399,,
2010-07-01,58.67,0.6,,58.7139595185172,58.6289317744133,0.999251293578603,1.00145026937265,0.5943673540613981,,
2010-08-01,58.62,-0.1,,58.7085986261824,58.7405217860901,0.99849087479082,0.999456539388193,-0.009130524288880615,,
2010-09-01,58.85,0.4,,58.8208601998757,58.7828594286912,1.00049539908164,1.00064646006598,0.19121828202390834,,
2010-10-01,58.91,0.1,,58.779929632694,58.8248679552006,1.00221283639022,0.999236065900891,-0.06958512174527476,,
2010-11-01,58.95,0.1,,58.9264411391437,58.928558942331,1.00039980118264,0.999964061514054,0.24925430732092302,,
2010-12-01,59.02,0.1,,59.0928139603723,59.0777697346381,0.998767803468944,1.00025465121317,0.2823398427129531,2.9824950789329785,2.9837724655382925
2011-01-01,59.18,0.3,2.7,59.2103216265662,59.2147961608361,0.999487899647676,0.999924435537061,0.19885271713866448,2.7273466120339096,2.7252213157437977
2011-02-01,59.31,0.2,2.7,59.35920161765,59.4058241305614,0.999171120629841,0.999215186160721,0.2514426319498497,2.668068581581595,2.665743465466508
2011-03-01,59.77,0.8,3.4,59.707053457929,59.6650570615612,1.00105425638053,1.00070386920647,0.5860116558164208,3.3681648693320465,3.372535454859915
2011-04-01,59.96,0.3,3.2,59.8921143119708,59.9131844676167,1.00113346621352,0.999648321887193,0.30994806027766497,3.2186632752331024,3.2191427095885627
2011-05-01,60.2,0.4,3.3,60.1603233726751,60.1472975502804,1.0006595148613,1.00021656538074,0.4478203245710022,3.262673738838262,3.2590051457976
2011-06-01,60.3,0.2,3.4,60.3708562232776,60.334740205765,0.998826317403624,1.00059859406686,0.3499529902761811,3.433121155597063,3.430531732418518
2011-07-01,60.38,0.1,2.9,60.4304887111283,60.4487271540194,0.999164515922259,0.999698282432901,0.0987769456675558,2.9235452806921414,2.914607124595192
2011-08-01,60.47,0.2,3.2,60.5629698352736,60.5753307337503,0.998464906269847,0.999795941708827,0.21922894712731456,3.1586024066059037,3.1559194814056557
2011-09-01,60.78,0.5,3.3,60.750422474967,60.7469861711959,1.0004868694542,1.00005656747746,0.309516921318842,3.280404721275021,3.2795242141036463
2011-10-01,61.07,0.5,3.7,60.9311244781276,60.9598548549259,1.00227922138417,0.999528700045846,0.29744978849333137,3.6597438256154025,3.666610083177746
2011-11-01,61.26,0.3,3.9,61.2317222853891,61.2787546364198,1.00046181478416,0.999232485201278,0.49334032456500587,3.912133673238327,3.9185750636132166
2011-12-01,61.64,0.6,4.4,61.7143311771327,61.6004807931977,0.998795560517065,1.00184820609302,0.7881680830309712,4.436270742697057,4.439173161640109
2012-01-01,61.69,0.1,4.2,61.7204609728409,61.7903634097515,0.999506468805308,0.998868716203415,0.009932532025014318,4.239361106845374,4.241297735721528
2012-02-01,61.93,0.4,4.4,61.9812269631382,61.9169764604105,0.999173508404912,1.00103768798802,0.4224952085371658,4.417218011753987,4.417467543415943
2012-03-01,62.03,0.2,3.8,61.9612462697903,61.9779607193625,1.00110962471462,0.999730316238576,-0.032236685730313575,3.77542129666415,3.7811611176175264
2012-04-01,62.06,0.1,3.5,61.989460741809,61.9985554853656,1.00113792340419,0.999853307170056,0.04553567547018744,3.5018740846472163,3.502334889926617
2012-05-01,62.08,0.0,3.1,62.043067960997,62.0136001815126,1.00059526455117,1.0004751825309,0.08647795697285243,3.129545326175953,3.12292358803985
2012-06-01,61.9,-0.3,2.7,61.9750559017237,61.9829695181332,0.998788933698701,0.999872325955483,-0.10962072236023745,2.6572418859077906,2.6533996683250516
2012-07-01,61.89,0.0,2.5,61.9462490871593,61.994124399111,0.99909196944144,0.999227744364231,-0.046481304688261726,2.508270921449407,2.500828088771123
2012-08-01,62.03,0.2,2.6,62.1242551113476,62.1635026869577,0.998482796917587,0.999368639572841,0.28735561363504303,2.577953624666307,2.5797916322143344
2012-09-01,62.5,0.8,2.8,62.4686195316189,62.442583660958,1.00050233971258,1.00041695697286,0.5543155723220838,2.828288243361432,2.829878249424156
2012-10-01,62.85,0.6,2.9,62.701317962801,62.6057580550136,1.00237127451272,1.00152637570019,0.37250451975221477,2.9052368552772156,2.9146880628786676
2012-11-01,62.57,-0.5,2.1,62.5369314761788,62.6025933224699,1.00052878392081,0.998951132168712,-0.26217389356907317,2.1315898721685045,2.1384263793666314
2012-12-01,62.55,0.0,1.5,62.6291548313856,62.6245576183079,0.998736134447308,1.00007340911062,0.14747022763970108,1.4823520514662514,1.4763140817650733
2013-01-01,62.67,0.2,1.6,62.7030029894657,62.7079079702623,0.999473661740392,0.999921780506551,0.11791338758908587,1.591922680320157,1.5885881017993153
2013-02-01,62.74,0.1,1.3,62.7963242060932,62.8017630046728,0.999103065238209,0.9999133973583,0.14883053789813694,1.3150711641119361,1.3079283061521174
2013-03-01,62.98,0.4,1.5,62.9101779359157,62.8042675265731,1.00110986912413,1.00168635689124,0.18130636030355696,1.5314922201428605,1.5315170078993967
2013-04-01,62.68,-0.5,1.0,62.6077042189783,62.682959754618,1.00115474256601,0.998799425937539,-0.4808025137768901,0.9973364339211477,0.9990331936835295
2013-05-01,62.67,0.0,0.9,62.63469186681,62.7470609730769,1.00056371528521,0.998209173393553,0.043105953441946454,0.9535697141619837,0.9503865979381576
2013-06-01,63.07,0.6,1.9,63.1460885475892,63.0507308871857,0.998795039418288,1.00151239579719,0.8164751282989657,1.8895225326177378,1.8901453957996805
2013-07-01,63.24,0.3,2.2,63.2962632182347,63.3023896242892,0.99911111311515,0.999903219987572,0.23782101805454037,2.1793315188073814,2.1812893843916603
2013-08-01,63.39,0.2,2.2,63.4812669812274,63.4867848202498,0.998562300572004,0.999913086809514,0.2922822826915361,2.1843511321746556,2.1924875060454596
2013-09-01,63.73,0.5,2.0,63.6987078200961,63.6324619211915,1.00049125297788,1.00104107081362,0.34252756633386117,1.9691299370791837,1.967999999999992
2013-10-01,63.82,0.1,1.5,63.6663048237901,63.757425316744,1.00241407407946,0.998570825397965,-0.05086915797022362,1.5390216543160973,1.5433571996817719
2013-11-01,64.06,0.4,2.4,64.0225563718772,64.0551675438028,1.00058485056275,0.999490889288467,0.5595605855767793,2.375596084793985,2.381332907143996
2013-12-01,64.44,0.6,3.0,64.5296040011464,64.4178303190643,0.998611428002181,1.00173513577729,0.7919827916960775,3.034448053589922,3.021582733812944
2014-01-01,64.56,0.2,3.0,64.5979648098875,64.6631745386206,0.999412290928991,0.998991547674571,0.10593712730655458,3.0221229129012483,3.0157970320727534
2014-02-01,64.87,0.5,3.4,64.9363382258696,64.9504997749899,0.998978411353611,0.999781963969955,0.5238143600621692,3.4078651048953468,3.394963340771451
2014-03-01,65.41,0.8,3.9,65.3404571241993,65.3393380767369,1.00106431572201,1.00001712670338,0.6223309003412503,3.8630938077448107,3.8583677357891366
2014-04-01,65.82,0.6,5.0,65.7387980199448,65.7069308272616,1.00123522155106,1.00048498982196,0.6096389790912093,5.0011317936449196,5.009572431397569
2014-05-01,66.04,0.3,5.4,65.9986710131026,65.9765889632312,1.00062620938063,1.00033469523385,0.3953114461857865,5.370792201621977,5.37737354396044
2014-06-01,66.08,0.1,4.8,66.1581710445989,66.1511207138606,0.998818421921818,1.00010657915788,0.24167158072718742,4.770022286874798,4.772475027746936
2014-07-01,66.23,0.2,4.7,66.2855685595652,66.313059620892,0.999161679370446,0.999585435184503,0.19256504972064992,4.722720093323507,4.728020240354214
2014-08-01,66.44,0.3,4.8,66.5286471008038,66.5761407719379,0.998667534894111,0.999286626251034,0.3667141227281734,4.800439979368343,4.811484461271487
2014-09-01,67.0,0.8,5.1,66.9682012015022,67.0014380418377,1.0004748342934,0.99950393840331,0.6606989918679584,5.132746790782816,5.131021496940225
2014-10-01,67.7,1.0,6.1,67.5327399157795,67.4316215974682,1.00247672587295,1.00149956824285,0.8429951889832754,6.07296921454854,6.079598871827008
2014-11-01,67.71,0.0,5.7,67.6653061627248,67.605360315556,1.00066051333851,1.00088670257638,0.19629922776807085,5.689791219345519,5.697783328129868
2014-12-01,67.43,-0.4,4.6,67.5338257580336,67.5660230034162,0.998462611041678,0.999523469875074,-0.19430992357444277,4.6555713511488905,4.639975170701449
2015-01-01,67.49,0.1,4.5,67.5313820615283,67.5936855060137,0.999387217316379,0.999078265314001,-0.003618477818878585,4.5410366414389,4.538413878562575
2015-02-01,67.72,0.4,4.4,67.7966545769805,67.7965282118572,0.998869345730128,1.00000186388782,0.3928136924704173,4.404800808388343,4.393402188993356
2015-03-01,68.15,0.6,4.2,68.0827150382066,68.0997641587636,1.00098828258767,0.999749644939779,0.4219389039340937,4.196875924505394,4.188961932426238
2015-04-01,68.54,0.6,4.1,68.4526232852853,68.3976932479528,1.00127645531349,1.00080309780526,0.5433218209219604,4.12819422788524,4.132482528106984
2015-05-01,68.66,0.2,4.0,68.6138185798988,68.6883697540933,1.00067306296395,0.998914646330065,0.23548446630263786,3.962424586211788,3.967292549969703
2015-06-01,69.0,0.5,4.4,69.0823899645402,69.0297742149082,0.998807366615682,1.00076221819107,0.6829111020774326,4.420041959699894,4.418886198547223
2015-07-01,69.29,0.4,4.6,69.3435507332139,69.4054527333685,0.999227747459603,0.999108110419041,0.3780424632207291,4.613345317994444,4.620262720821389
2015-08-01,69.76,0.7,5.0,69.845691334587,69.7835216256853,0.998773133561288,1.00089089383071,0.7241345389205511,4.985888603382005,4.996989765201687
2015-09-01,70.11,0.5,4.6,70.0815962458127,70.0649238061447,1.00040529547997,1.00023795700848,0.3377515587835278,4.649064762755883,4.641791044776111
2015-10-01,70.4,0.4,4.0,70.2288664690986,70.2218133239712,1.00243679756638,1.00010044094269,0.21014108007664234,3.992325139897268,3.988183161004444
2015-11-01,70.38,0.0,3.9,70.3332677047189,70.3522757603031,1.00066444083726,0.999729816052448,0.14865857996759768,3.9428795837826547,3.9432875498449205
2015-12-01,70.39,0.0,4.4,70.5079867547488,70.5272024485508,0.998326618583519,0.999727542095322,0.2484159427419419,4.403957518075896,4.389737505561309
2016-01-01,70.72,0.5,4.8,70.7579580020797,70.7546503965641,0.999463551476732,1.00004674753528,0.35452898151864254,4.777891170080961,4.785894206549135
2016-02-01,70.91,0.3,4.7,70.9914807905187,70.9636311636329,0.998852245514373,1.0003924492931,0.3300304234784779,4.712365578320088,4.710572947430602
2016-03-01,71.18,0.4,4.5,71.1096628081173,71.1337863903357,1.00098913690636,0.999660870263731,0.16647352088252632,4.445985692862053,4.446074834922964
2016-04-01,71.42,0.3,4.2,71.3234587040543,71.3201704185151,1.00135357002731,1.00004610596862,0.3006566020625101,4.1939012429142775,4.201925882696234
2016-05-01,71.58,0.2,4.2,71.5247009190398,71.5915561989046,1.00077314662277,0.999066156912709,0.2821543130998805,4.242414136667461,4.2528400815613265
2016-06-01,71.9,0.4,4.2,71.9876516406472,71.9101346859933,0.998782407278894,1.00107796981597,0.647259919522658,4.205502556582452,4.202898550724643
2016-07-01,72.07,0.2,4.0,72.121804377754,72.1125358278676,0.999281709904502,1.00012852896906,0.18635520682974693,4.006506178532598,4.012122961466291
2016-08-01,72.11,0.0,3.4,72.1957421250105,72.197786003382,0.998812365902936,0.999971690567195,0.10251788331476774,3.364632442631099,3.368692660550443
2016-09-01,72.28,0.2,3.1,72.2611586869704,72.2391565880741,1.00026073914911,1.00030457303124,0.09061000002830166,3.1100353843437567,3.0951362145200445
2016-10-01,72.4,0.2,2.8,72.2312541343879,72.2787911603308,1.0023361890588,0.999342310169003,-0.041383992626042865,2.8512316458508824,2.840909090909083
2016-11-01,72.44,0.1,2.9,72.3931023610281,72.3573784969773,1.00064781916291,1.00049371418358,0.22406952306142092,2.9286775995635894,2.9269678886047146
2016-12-01,72.29,-0.2,2.7,72.4186566560542,72.4835218493957,0.998223432165205,0.999105104281822,0.035299350618589465,2.709863079698138,2.6992470521380874
2017-01-01,72.68,0.5,2.8,72.7111837182843,72.6960248947125,0.999571128997085,1.0002085234178,0.40393881319760183,2.760432566676374,2.7714932126696956
2017-02-01,72.86,0.2,2.7,72.9436749217922,72.9179387258619,0.998852883106289,1.00035294738688,0.3197461403030788,2.749899156257962,2.749964744041744
2017-03-01,73.14,0.4,2.7,73.0649114348339,73.0720311263431,1.00102769665619,0.99990256612004,0.1662056554892377,2.749624382262428,2.753582466985094
2017-04-01,73.31,0.2,2.7,73.2035759424263,73.2046973904165,1.00145380954692,0.999984680655338,0.18978262598192686,2.6360432773924414,2.646317558106981
2017-05-01,73.4,0.1,2.6,73.3344696387038,73.2738412120255,1.00089358198974,1.00082742252454,0.17880778990966295,2.5302709363475673,2.5426096675049026
2017-06-01,73.12,-0.4,1.7,73.2144851358952,73.2759891170644,0.998709474829743,0.999160653006391,-0.16361269591191885,1.7042276936219514,1.6968011126564653
2017-07-01,73.29,0.2,1.7,73.3419225658297,73.3556221610378,0.999292047930935,0.99981324410039,0.17406040580352222,1.6917466203217213,1.6927986679617257
2017-08-01,73.44,0.2,1.9,73.5281942593344,73.4280378779743,0.998800538212276,1.00136400732274,0.2539771074824282,1.8456104128920625,1.844404382193865
2017-09-01,73.33,-0.2,1.5,73.3213176626885,73.4364384646425,1.00011841491108,0.998432374930472,-0.28135683016536905,1.467121472976407,1.4526840066408475
2017-10-01,73.76,0.6,1.9,73.5929610572688,73.5673378969848,1.00226976792796,1.00034829533073,0.3704835145352581,1.8852045962644004,1.8784530386740217
2017-11-01,73.83,0.1,1.9,73.7805425317947,73.8024443279837,1.00067033212969,0.999703237522978,0.25489051103668725,1.9165364178583832,1.9188293760353359
2017-12-01,73.93,0.1,2.3,74.0654810713201,74.0511703375385,0.998170793339077,1.00019325466048,0.3861974034720772,2.2740333655833167,2.26864019919768
2018-01-01,74.27,0.5,2.2,74.2938067288922,74.2639754323063,0.999679559711094,1.00040169269706,0.30827539937565707,2.1765881528482467,2.187671986791395
2018-02-01,74.31,0.0,2.0,74.3975907974221,74.3678250811962,0.99882266621159,1.00040024992251,0.13969410520127123,1.9932034918568986,1.9901180345868852
2018-03-01,74.46,0.2,1.8,74.3819535546655,74.4348003575584,1.00104926587169,0.999290025597717,-0.02101848001929696,1.8025644512089212,1.8047579983593076
2018-04-01,74.7,0.3,1.9,74.5864423594482,74.5929240494652,1.00152249707802,0.999913105832763,0.27491722791659345,1.8890694876839254,1.896057836584375
2018-05-01,74.9,0.3,2.0,74.8267612548966,74.8298690652804,1.00097877743036,0.999958468317228,0.3222018477436528,2.0349115818862007,2.043596730245234
2018-06-01,74.98,0.1,2.5,75.083177669066,75.0749373515574,0.99862582175836,1.00010976123057,0.3426800918135742,2.5523535809919062,2.5437636761487914
2018-07-01,75.25,0.4,2.7,75.3032359017069,75.2925754461701,0.999293046293835,1.00014158707514,0.2930859341233827,2.6742049666298007,2.6743075453677045
2018-08-01,75.38,0.2,2.6,75.4724283172517,75.4712436435726,0.998775336645282,1.00001569702077,0.22468146756089435,2.644202101659099,2.641612200435728
2018-09-01,75.63,0.3,3.1,75.6270673963223,75.6187326950151,1.00003877717038,1.00011022006069,0.2048947973696702,3.1447194446795113,3.1365062048274828
2018-10-01,75.91,0.4,2.9,75.7392255352834,75.7418768073051,1.00225476909104,0.999964995955561,0.14830422866105586,2.9163991327165295,2.91485900216919
2018-11-01,75.91,0.0,2.8,75.8551011075226,75.856558999989,1.00072373369326,0.999980780930672,0.15299281372400664,2.8117963145010805,2.8172829473113836
2018-12-01,75.83,-0.1,2.6,75.972526577388,75.9313480434475,0.998123972127703,1.00054231269432,0.15480233781370867,2.574810125423399,2.5699986473691316
2019-01-01,75.91,0.1,2.2,75.9271142118549,75.964121853143,0.999774596834971,0.999512827366587,-0.05977472065094025,2.1984436588676104,2.2081594183384956
2019-02-01,75.95,0.0,2.2,76.0422701797358,76.0546357004126,0.998786593568055,0.999837412663108,0.15166646207516177,2.2106621527463233,2.206970798008334
2019-03-01,76.31,0.5,2.5,76.2259094417807,76.2151248844741,1.00110317553224,1.00014150153691,0.2414962909587759,2.479036646651167,2.4845554660220426
2019-04-01,76.51,0.3,2.4,76.3864732848651,76.4685054818659,1.00161712813569,0.998927242052347,0.2106420825415567,2.413348684392491,2.4230254350736224
2019-05-01,76.97,0.6,2.8,76.8899011302659,76.8227984852849,1.00104173459137,1.00087347306144,0.6590536566904781,2.7572219360680883,2.7636849132176122
2019-06-01,77.01,0.0,2.7,77.1247394578454,77.0965125907391,0.998512287255011,1.00036612378638,0.30542154968002944,2.7190668431452236,2.707388636969865
2019-07-01,77.18,0.2,2.6,77.2377648595018,77.2566994787934,0.999252116375883,0.999754912914746,0.14654882784812528,2.568985163293691,2.564784053156166
2019-08-01,77.32,0.2,2.6,77.4210823054527,77.3522979869198,0.998694382686954,1.00088923432559,0.2373417282133472,2.581941553556155,2.5736269567524506
2019-09-01,77.33,0.0,2.2,77.3334248882327,77.4656446427413,0.999955712704595,0.998293182027744,-0.11322163758207271,2.256278804212064,2.2477852703953527
2019-10-01,77.96,0.8,2.7,77.7878232833062,77.7174748545941,1.0022134147663,1.00090518160611,0.5875834359207799,2.7048041929983224,2.700566460281917
2019-11-01,78.03,0.1,2.8,77.9702368073466,77.9942556878876,1.00076648725335,0.999692042954585,0.23450138638800855,2.788389533389246,2.792780924779348
2019-12-01,78.1,0.1,3.0,78.2512184401696,78.2581480120904,0.998067526063058,0.999911452390622,0.3603703725015839,2.999363013760581,2.9935381775022973
2020-01-01,78.55,0.6,3.5,78.557890055435,78.594227524237,0.999899563806647,0.999537657281627,0.39190650494456136,3.4648700545099054,3.477802661045981
2020-02-01,78.9,0.4,3.9,78.9962139811718,78.9102102616265,0.998782043134438,1.00108989342773,0.5579629562702193,3.884607593189915,3.884134298880837
2020-03-01,79.16,0.3,3.7,79.0643770954253,79.0342440870708,1.00120943094839,1.00038126521867,0.08628655832765286,3.723757019668672,3.734766085703045
2020-04-01,79.13,0.0,3.4,78.9899447787505,79.0129585288856,1.00177307658135,0.999708734484018,-0.09414140654642189,3.408288643169022,3.4243889687622486
2020-05-01,79.09,-0.1,2.8,79.003146806069,79.0366409996645,1.00109936372717,0.999576219419603,0.016713554308056544,2.748404725118414,2.7543198648824374
2020-06-01,79.03,-0.1,2.6,79.1589052675501,79.1192949297188,0.99837156328635,1.00050064068274,0.19715475620667444,2.637501045713786,2.6230359693546257
2020-07-01,79.11,0.1,2.5,79.1726447706331,79.2019403234042,0.999208757383127,0.999630115718737,0.017356863433826142,2.5050956803979396,2.500647836226988
2020-08-01,79.22,0.1,2.4,79.3292444245154,79.3820977163299,0.998622898461874,0.999334191293314,0.19779515303040007,2.464654409679179,2.457320227625459
2020-09-01,79.72,0.6,3.1,79.7258607876788,79.7145642760285,0.999926488248344,1.00014171201653,0.49996236071654376,3.0936634487659154,3.090650459071509
2020-10-01,80.27,0.7,3.0,80.0964976056825,79.9996921815311,1.00216616705479,1.00121007245792,0.46488907657047385,2.9679122321857765,2.9630579784504896
2020-11-01,80.16,-0.1,2.7,80.0942518089446,80.2144792200763,1.00082088526418,0.998501175694206,-0.0028038638455241127,2.724135629914981,2.7297193387158636
2020-12-01,80.43,0.3,3.0,80.5925272946878,80.5642742339811,0.997983345352931,1.00035068969435,0.6221114180974707,2.9920414035576437,2.9833546734955307
2021-01-01,80.99,0.7,3.1,80.9923028044515,80.9551705202363,0.999971567613566,1.00045867711693,0.49604538185272773,3.098877461320093,3.1063017186505393
2021-02-01,81.14,0.2,2.8,81.2478011842435,81.2069284629772,0.998673180287069,1.00050331569042,0.31546007576654933,2.850246979694937,2.839036755386548
2021-03-01,81.45,0.4,2.9,81.3485355427533,81.3785070151078,1.00124728068637,0.999631702848162,0.12398410423608563,2.8889855725685143,2.892875189489641
2021-04-01,81.75,0.4,3.3,81.5926351215096,81.5925168403609,1.00192866523132,1.00000144965682,0.3000663467727982,3.294964124926536,3.3110072033362803
2021-05-01,81.97,0.3,3.6,81.8735247498298,81.8683576546248,1.001178344898,1.00006311468012,0.344258557039967,3.6332450792204485,3.6414211657605167
2021-06-01,82.04,0.1,3.8,82.1822685362519,82.2361023384505,0.998268865793244,0.999345375076545,0.37709844221986977,3.8193596266687946,3.8086802480070903
2021-07-01,82.7,0.8,4.5,82.763347792276,82.6901826333087,0.999234591229501,1.00088481070712,0.7070615917200929,4.535282397152862,4.537985084060181
2021-08-01,83.0,0.4,4.8,83.1133083829749,83.2272967225546,0.998636699883818,0.99863039718856,0.4228448945507335,4.770074372837607,4.771522342842727
2021-09-01,83.98,1.2,5.3,83.9851267862006,83.9872266953231,0.999938956022372,0.999974997279883,1.0489516302352841,5.342389478697296,5.343702960361263
2021-10-01,85.1,1.3,6.0,84.9230511452256,84.8109795520041,1.00208363750935,1.00132142788367,1.1167743562650712,6.025923334756,6.017191977077352
2021-11-01,85.53,0.5,6.7,85.4533846350431,85.5439928168169,1.00089657496054,0.998940800180233,0.6244870888006293,6.691033008064129,6.699101796407181
2021-12-01,86.2,0.8,7.2,86.3859522449787,86.3552608139547,0.997847424955723,1.00035540893206,1.091317346783205,7.188538621089702,7.173940072112384
2022-01-01,87.23,1.2,7.7,87.234638803071,87.1066719521851,0.999946823840454,1.00146908208083,0.9824358429082691,7.707320056933109,7.704654895666141
2022-02-01,87.48,0.3,7.8,87.612050841035,87.8503159371935,0.998492777651392,0.997287828807254,0.43264011078902875,7.833134637526329,7.813655410401776
2022-03-01,89.11,1.9,9.4,88.9998763132846,88.9314875284048,1.00123734651414,1.00076900529588,1.5840577396911915,9.4056281646399,9.404542664211156
2022-04-01,90.35,1.4,10.5,90.1629619492518,90.1552401808822,1.00207444439163,1.00008564968996,1.3068396093867118,10.50379953408671,10.519877675840972
2022-05-01,91.43,1.2,11.5,91.3131555583271,91.3116453869111,1.0012796013998,1.00001653865079,1.2756830345953984,11.529527814199692,11.540807612541194
2022-06-01,92.29,0.9,12.5,92.4553079692165,92.4677918279696,0.998212022945491,0.999864992355649,1.2508081709648566,12.50031133958418,12.493905411994156
2022-07-01,93.56,1.4,13.1,93.6253167619297,93.6408793523217,0.999302360043323,0.999833805593245,1.265485798936239,13.124129532453988,13.131801692865785
2022-08-01,94.69,1.2,14.1,94.8112073180084,94.7077090829485,0.998721592927281,1.00109281742809,1.2666344927773965,14.07463998560996,14.084337349397579
2022-09-01,95.51,0.9,13.7,95.5126888038506,95.428564326668,0.999971848726234,1.00088154398818,0.7398719051106895,13.725718420352573,13.729459395094068
2022-10-01,96.0,0.5,12.8,95.8088346056979,96.0057727238606,1.00199527940287,0.997948684619943,0.3100591194280744,12.818408328095376,12.808460634547592
2022-11-01,96.94,1.0,13.3,96.8424766609121,96.7449741970975,1.00100703061766,1.00100782975678,1.0788588124134524,13.327841927513905,13.34034841576055
2022-12-01,97.21,0.3,12.8,97.4322454260712,97.4446240467609,0.997718974605385,0.999872967638689,0.6089980197678591,12.787140610277392,12.772621809744766
2023-01-01,98.0,0.8,12.3,98.0064947802513,97.8959140098863,0.999933731123985,1.00112957493153,0.5893832700549106,12.348140744294689,12.346669723718895
2023-02-01,97.93,-0.1,11.9,98.081792756398,98.2716575320167,0.998452385992016,0.998067959975572,0.07682957779024946,11.950116239556486,11.945587562871518
2023-03-01,99.0,1.1,11.1,98.8733991029707,98.7375118709034,1.00128043435523,1.0013762472792,0.8070879664065389,11.093861248672665,11.098642127707325
2023-04-01,99.3,0.3,9.9,99.0776030846374,99.0855228346095,1.00224467395696,0.999920071573066,0.20653075905081586,9.887254081563125,9.905921416712783
2023-05-01,99.41,0.1,8.7,99.2729711889062,99.2729604861314,1.00138032346018,1.00000010781158,0.19718695061881064,8.717052413652148,8.72798862517772
2023-06-01,99.26,-0.2,7.6,99.4456469381348,99.4628873676197,0.998133181855106,0.999826664699355,0.1739403456556321,7.560776252290213,7.552280853830307
2023-07-01,99.61,0.4,6.5,99.6803638517891,99.6621953077447,0.999294105187118,1.00018230126266,0.23602532728286274,6.467318134961464,6.4664386489952985
2023-08-01,99.72,0.1,5.3,99.8492276929935,99.9410596025798,0.998705771732248,0.999081139324003,0.16940532185001356,5.3137392904268665,5.312070968423277
2023-09-01,100.39,0.7,5.1,100.399599803079,100.321750410185,0.999904384050353,1.00077599715492,0.5512031718239552,5.116504477498696,5.109412626950061
2023-10-01,100.84,0.4,5.0,100.650165852633,100.795638738507,1.00188607883314,0.998556754164228,0.24956877322763749,5.053115682765208,5.041666666666678
2023-11-01,101.59,0.7,4.8,101.484759154154,101.228539116435,1.00103701133769,1.00253110476508,0.8292021125359872,4.793642886165106,4.796781514338777
2023-12-01,101.04,-0.5,3.9,101.289003454098,101.447218435699,0.997541653628657,0.998440420703099,-0.19289172254787212,3.9584000257421925,3.9399238761444355
2024-01-01,101.72,0.7,3.8,101.732839827619,101.805668124238,0.9998737887624,0.99928463416664,0.43818811360123444,3.8021409251732363,3.79591836734694
2024-02-01,102.32,0.6,4.5,102.478542214644,102.315010328223,0.998452922814689,1.00159831764563,0.7330006596577343,4.4827376566882515,4.4827938323291905
2024-03-01,102.7,0.4,3.7,102.566137870904,102.651010884575,1.00130512985937,0.999173188720313,0.08547707097212864,3.7348152298147808,3.7373737373737503
2024-04-01,103.24,0.5,4.0,102.991027209135,102.977262556796,1.00241742215426,1.00013366690857,0.4142588841219652,3.949857488129327,3.9677744209466237
2024-05-01,103.52,0.3,4.1,103.363900987819,103.332447519119,1.00151018886371,1.00030439101613,0.36204491671574246,4.120889855435261,4.134392918217489
2024-06-01,103.42,-0.1,4.2,103.615271736229,103.712092733559,0.998115415488884,0.999066444473562,0.24319007507236368,4.192868090735158,4.191013499899254
2024-07-01,104.19,0.7,4.6,104.258988507353,104.179324648509,0.999338296790132,1.00076468012355,0.6212566548710052,4.593306523611496,4.597931934544719
2024-08-01,104.45,0.3,4.7,104.581067577065,104.492942686579,0.99874673705192,1.00084335734281,0.30892211244624157,4.738984961025938,4.743281187324522
2024-09-01,104.54,0.1,4.1,104.552196723213,104.759670800181,0.999883343214245,0.998019523396908,-0.027606195385909693,4.136069195772474,4.133877876282499
2024-10-01,105.56,1.0,4.7,105.368071240509,105.251198647589,1.00182150776067,1.00111041579024,0.7803513870262346,4.687429323051218,4.6806822689408945
2024-11-01,105.83,0.2,4.2,105.723232923014,105.677100921397,1.00100987336495,1.00043653735024,0.3370676508771986,4.176463346995596,4.173639137710405
2024-12-01,105.62,-0.2,4.5,105.895113357532,106.067546950501,0.997402020274505,0.998374303941902,0.1625758404901978,4.547492567168354,4.532858273950913
2025-01-01,106.74,1.1,4.9,106.76096465213,106.691299588396,0.999803629985941,1.00065295918226,0.8176499057842568,4.942479570049252,4.935116004718831
2025-02-01,107.16,0.4,4.7,107.332017069619,107.255920247699,0.99839733684025,1.00070948831304,0.5348887763891197,4.736088892452495,4.730258014073496
2025-03-01,107.7,0.5,4.9,107.560858510036,107.529680046407,1.00129360709734,1.00028995216591,0.21320892559819615,4.869755986540758,4.868549172346648
2025-04-01,107.91,0.2,4.5,107.632833334969,107.69681139945,1.00257511259755,0.999405942816235,0.0669154429687735,4.507000514140214,4.523440526927547
2025-05-01,108.12,0.2,4.4,107.943877510272,107.85089940445,1.00163161166516,1.00086209856696,0.28898633034677434,4.430924605866737,4.443585780525505
2025-06-01,107.68,-0.4,4.1,107.880697557137,108.097631240975,0.998139634228532,0.997993168940452,-0.05853037207135259,4.116599560503387,4.119125894411146
2025-07-01,108.62,0.9,4.3,108.68946811147,108.514283821584,0.999360857011478,1.00161438921879,0.7496897708736627,4.24949413719331,4.2518475861407
2025-08-01,108.66,0.0,4.0,108.789956203587,108.858276839944,0.998805439324347,0.999372389143566,0.09245430478501682,4.024522529778629,4.030636668262311
2025-09-01,109.14,0.4,4.4,109.148440426402,109.021555726428,0.99992267020611,1.00116384965458,0.3295195947539131,4.396123512695671,4.400229577195325
2025-10-01,109.19,0.0,3.4,108.994968005678,109.122184428817,1.00178936695786,0.998834183683129,-0.14060889933419363,3.4421212445755023,3.438802576733613
2025-11-01,109.47,0.3,3.4,109.363076364996,109.312931008526,1.00097769410443,1.00045873215554,0.33772968243710455,3.4428037635138242,3.43947840876877
2025-12-01,109.26,-0.2,3.5,109.553270680937,109.5452511208,0.997323031260368,1.00007320773886,0.17391090509033535,3.4545100405662943,3.4463169854194176
2026-01-01,109.71,0.4,2.8,109.741571326097,109.719957172481,0.99971231206447,1.00019699382111,0.17188044135021396,2.791850639116089,2.7824620573355885
2026-02-01,109.7,0.0,2.4,109.890221999346,110.019654539012,0.99826898157193,0.998823550753648,0.13545520758699858,2.3834499710069457,2.3702874206793734
2026-03-01,110.75,1.0,2.8,110.613778370821,110.740511120702,1.00123150688084,0.998855588179988,0.6584356263101387,2.838318606856549,2.831940575673153
2026-04-01,112.18,1.3,4.0,111.880592937375,111.640459894864,1.00267613045985,1.0021509499579,1.1452592843426368,3.946527719089543,3.957001204707633
2026-05-01,112.37,0.2,3.9,112.177495964832,112.203827859543,1.00171606643126,0.999765320887764,0.26537491414904135,3.9220551940587267,3.9308176100628867
2026-06-01,112.35,0.0,4.3,112.554336143198,112.454271675138,0.9981845555649,1.00088982362848,0.3359320647379649,4.332228741462951,4.3369242199108315
2026-07-01,112.45,0.1,3.5,112.524107488522,112.718311897216,0.9993414078976,0.998277081998251,-0.026856943687658674,3.528068950635821,3.526054133677037
2026-08-01,113.15,0.6,4.1,113.282703522021,113.204160251898,0.998828563250215,1.00069381964362,0.6741631197353604,4.129744578650607,4.132155346953814
