fecha,ipc_anual,ir_real_anual,estado_ir,desocupacion,Trimestre,fecha_central_ene,fecha_final_ene,imacec_original,imacec_sa,imacec_promedio_3m,imacec_promedio_anual,imacec_sa_mensual,imacec_inicio_promedio,imacec_fin_promedio
1996-01-01,,,,,,,,42.5,42.0,,,,1995-12-01,1996-02-01
1996-02-01,,,,,,,,41.2,42.5,42.800000000000004,,1.1904761904761862,1996-01-01,1996-03-01
1996-03-01,,,,,,,,44.7,42.5,43.20000000000001,,0.0,1996-02-01,1996-04-01
1996-04-01,,,,,,,,43.7,42.6,43.96666666666667,,0.23529411764706687,1996-03-01,1996-05-01
1996-05-01,,,,,,,,43.5,42.6,43.03333333333333,,0.0,1996-04-01,1996-06-01
1996-06-01,,,,,,,,41.9,43.1,42.266666666666666,,1.1737089201877993,1996-05-01,1996-07-01
1996-07-01,,,,,,,,41.4,43.1,41.800000000000004,,0.0,1996-06-01,1996-08-01
1996-08-01,,,,,,,,42.1,43.2,41.333333333333336,,0.23201856148491462,1996-07-01,1996-09-01
1996-09-01,,,,,,,,40.5,43.3,42.233333333333334,,0.23148148148146586,1996-08-01,1996-10-01
1996-10-01,,,,,,,,44.1,43.7,43.03333333333333,,0.9237875288683695,1996-09-01,1996-11-01
1996-11-01,,,,,,,,44.5,43.8,45.23333333333333,,0.22883295194506825,1996-10-01,1996-12-01
1996-12-01,,,,,,,,47.1,44.0,45.56666666666666,,0.4566210045662267,1996-11-01,1997-01-01
1997-01-01,,,,,,,,45.1,44.9,45.13333333333333,,2.0454545454545503,1996-12-01,1997-02-01
1997-02-01,,,,,,,,43.2,44.8,45.166666666666664,5.529595015576305,-0.22271714922049712,1997-01-01,1997-03-01
1997-03-01,,,,,,,,47.2,44.7,45.56666666666666,5.478395061728358,-0.22321428571426827,1997-02-01,1997-04-01
1997-04-01,,,,,,,,46.3,45.2,46.800000000000004,6.444275966641411,1.118568232662187,1997-03-01,1997-05-01
1997-05-01,,,,,,,,46.9,46.1,45.93333333333334,6.738962044926433,1.9911504424778625,1997-04-01,1997-06-01
1997-06-01,,,,,,,,44.6,45.9,45.36666666666667,7.334384858044163,-0.4338394793926281,1997-05-01,1997-07-01
1997-07-01,,,,,,,,44.6,46.3,44.86666666666667,7.336523125996797,0.8714596949890963,1997-06-01,1997-08-01
1997-08-01,,,,,,,,45.4,46.8,44.73333333333333,8.225806451612883,1.0799136069114423,1997-07-01,1997-09-01
1997-09-01,,,,,,,,44.2,47.2,45.800000000000004,8.445146014206806,0.8547008547008739,1997-08-01,1997-10-01
1997-10-01,,,,,,,,47.8,47.4,46.86666666666667,8.907823392718829,0.4237288135593209,1997-09-01,1997-11-01
1997-11-01,,,,,,,,48.6,47.8,49.300000000000004,8.990420044215197,0.8438818565400741,1997-10-01,1997-12-01
1997-12-01,,,,,,,,51.5,48.1,49.5,8.63204096561816,0.6276150627615218,1997-11-01,1998-01-01
1998-01-01,,,,,,,,48.4,48.1,48.76666666666667,8.050221565731185,0.0,1997-12-01,1998-02-01
1998-02-01,,,,,,,,46.4,48.0,48.63333333333333,7.675276752767535,-0.20790020790021346,1998-01-01,1998-03-01
1998-03-01,,,,,,,,51.1,48.4,49.333333333333336,8.266276517922467,0.8333333333333304,1998-02-01,1998-04-01
1998-04-01,,,,,,,,50.5,49.3,50.36666666666667,7.621082621082609,1.8595041322313932,1998-03-01,1998-05-01
1998-05-01,,,,,,,,49.5,48.8,49.13333333333333,6.966618287372994,-1.0141987829614618,1998-04-01,1998-06-01
1998-06-01,,,,,,,,47.4,48.8,47.9,5.58412931667891,0.0,1998-05-01,1998-07-01
1998-07-01,,,,,,,,46.8,48.8,47.06666666666666,4.903417533432375,0.0,1998-06-01,1998-08-01
1998-08-01,,,,,,,,47.0,48.5,46.46666666666666,3.874813710879277,-0.6147540983606481,1998-07-01,1998-09-01
1998-09-01,,,,,,,,45.6,48.6,46.76666666666667,2.1106259097525504,0.20618556701030855,1998-08-01,1998-10-01
1998-10-01,,,,,,,,47.7,47.4,47.0,0.2844950213371167,-2.4691358024691468,1998-09-01,1998-11-01
1998-11-01,,,,,,,,47.7,46.8,48.6,-1.4198782961460488,-1.2658227848101333,1998-10-01,1998-12-01
1998-12-01,,,,,,,,50.4,47.0,48.46666666666667,-2.0875420875420825,0.42735042735042583,1998-11-01,1999-01-01
1999-01-01,,,,,,,,47.3,47.0,47.63333333333333,-2.323991797676017,0.0,1998-12-01,1999-02-01
1999-02-01,,,,,,,,45.2,47.0,47.4,-2.5359835503769745,0.0,1999-01-01,1999-03-01
1999-03-01,,,,,,,,49.7,47.2,47.666666666666664,-3.3783783783783883,0.42553191489362874,1999-02-01,1999-04-01
1999-04-01,,,,,,,,48.1,46.8,48.56666666666666,-3.573792190602254,-0.8474576271186529,1999-03-01,1999-05-01
1999-05-01,,,,,,,,47.9,47.1,47.53333333333334,-3.256445047489809,0.641025641025661,1999-04-01,1999-06-01
1999-06-01,,,,,,,,46.6,47.7,46.76666666666667,-2.366040361864985,1.273885350318471,1999-05-01,1999-07-01
1999-07-01,,,,,,,,45.8,47.7,46.36666666666667,-1.487252124645888,0.0,1999-06-01,1999-08-01
1999-08-01,,,,,,,,46.7,48.0,46.166666666666664,-0.6456241032998467,0.6289308176100628,1999-07-01,1999-09-01
1999-09-01,,,,,,,,46.0,48.9,47.43333333333334,1.425516749821809,1.8750000000000044,1999-08-01,1999-10-01
1999-10-01,,,,,,,,49.6,49.0,48.800000000000004,3.82978723404257,0.2044989775051187,1999-09-01,1999-11-01
1999-11-01,,,,,,,,50.8,49.7,51.23333333333333,5.418381344307255,1.4285714285714235,1999-10-01,1999-12-01
1999-12-01,,,,,,,,53.3,49.8,51.36666666666667,5.983493810178819,0.2012072434607548,1999-11-01,2000-01-01
2000-01-01,,,,,,,,50.0,49.9,50.36666666666667,5.738278516445061,0.20080321285140812,1999-12-01,2000-02-01
2000-02-01,,,,,,,,47.8,49.9,50.199999999999996,5.907172995780585,0.0,2000-01-01,2000-03-01
2000-03-01,,,,,,,,52.8,49.9,50.666666666666664,6.2937062937062915,0.0,2000-02-01,2000-04-01
2000-04-01,,,,,,,,51.4,50.1,51.73333333333333,6.520247083047348,0.4008016032064132,2000-03-01,2000-05-01
2000-05-01,,,,,,,,51.0,50.3,50.300000000000004,5.820476858345014,0.39920159680637557,2000-04-01,2000-06-01
2000-06-01,,,,,,,,48.5,49.7,49.300000000000004,5.41696364932287,-1.1928429423459175,2000-05-01,2000-07-01
2000-07-01,,,,,,,,48.4,50.6,48.73333333333333,5.104241552839661,1.810865191146882,2000-06-01,2000-08-01
2000-08-01,,,,,,,,49.3,50.9,48.46666666666667,4.981949458483759,0.5928853754940677,2000-07-01,2000-09-01
2000-09-01,,,,,,,,47.7,50.9,49.53333333333333,4.427266338720992,0.0,2000-08-01,2000-10-01
2000-10-01,,,,,,,,51.6,51.1,50.56666666666667,3.6202185792349795,0.39292730844793233,2000-09-01,2000-11-01
2000-11-01,,,,,,,,52.4,51.4,52.93333333333333,3.3181522446324108,0.5870841487279899,2000-10-01,2000-12-01
2000-12-01,,,,,,,,54.8,51.7,52.76666666666667,2.7255029201817216,0.5836575875486361,2000-11-01,2001-01-01
2001-01-01,,,,,,,,51.1,51.4,51.76666666666666,2.779616148246178,-0.5802707930367634,2000-12-01,2001-02-01
2001-02-01,,,,,,,,49.4,51.8,51.866666666666674,3.320053120849953,0.7782101167315147,2001-01-01,2001-03-01
2001-03-01,,,,,,,,55.1,52.1,52.56666666666666,3.7499999999999867,0.5791505791505891,2001-02-01,2001-04-01
2001-04-01,,,,,,,,53.2,52.0,53.699999999999996,3.801546391752586,-0.19193857965451588,2001-03-01,2001-05-01
2001-05-01,,,,,,,,52.8,52.3,52.43333333333334,4.241219350563297,0.5769230769230749,2001-04-01,2001-06-01
2001-06-01,,,,,,,,51.3,52.6,51.26666666666667,3.989181879648407,0.5736137667304186,2001-05-01,2001-07-01
2001-07-01,,,,,,,,49.7,52.0,50.56666666666666,3.7619699042407806,-1.1406844106463865,2001-06-01,2001-08-01
2001-08-01,,,,,,,,50.7,52.3,49.800000000000004,2.751031636863832,0.5769230769230749,2001-07-01,2001-09-01
2001-09-01,,,,,,,,49.0,52.1,50.93333333333334,2.826379542395707,-0.3824091778202643,2001-08-01,2001-10-01
2001-10-01,,,,,,,,53.1,52.4,51.93333333333334,2.7027027027026973,0.5758157389635254,2001-09-01,2001-11-01
2001-11-01,,,,,,,,53.7,52.7,54.13333333333333,2.267002518891692,0.5725190839694694,2001-10-01,2001-12-01
2001-12-01,,,,,,,,55.6,52.4,53.900000000000006,2.1478205938092243,-0.5692599620493399,2001-11-01,2002-01-01
2002-01-01,,,,,,,,52.4,53.1,52.53333333333333,1.481004507405026,1.335877862595436,2001-12-01,2002-02-01
2002-02-01,,,,,,,,49.6,52.8,52.5,1.2210796915167021,-0.5649717514124353,2002-01-01,2002-03-01
2002-03-01,,,,,,,,55.5,52.9,53.29999999999999,1.3950538998097617,0.18939393939394478,2002-02-01,2002-04-01
2002-04-01,,,,,,,,54.8,53.5,54.76666666666667,1.9863438857852467,1.1342155009451904,2002-03-01,2002-05-01
2002-05-01,,,,,,,,54.0,53.1,53.800000000000004,2.6064844246662444,-0.747663551401867,2002-04-01,2002-06-01
2002-06-01,,,,,,,,52.6,53.5,52.73333333333333,2.860858257477217,0.7532956685499137,2002-05-01,2002-07-01
2002-07-01,,,,,,,,51.6,53.6,52.26666666666667,3.3618984838497123,0.18691588785046953,2002-06-01,2002-08-01
2002-08-01,,,,,,,,52.6,53.9,51.900000000000006,4.216867469879526,0.5597014925373012,2002-07-01,2002-09-01
2002-09-01,,,,,,,,51.5,54.3,53.23333333333333,4.515706806282704,0.7421150278293043,2002-08-01,2002-10-01
2002-10-01,,,,,,,,55.6,54.5,54.43333333333334,4.81386392811296,0.36832412523020164,2002-09-01,2002-11-01
2002-11-01,,,,,,,,56.2,54.7,56.76666666666667,4.864532019704448,0.3669724770642313,2002-10-01,2002-12-01
2002-12-01,,,,,,,,58.5,54.9,56.53333333333333,4.885590599876299,0.3656307129798808,2002-11-01,2003-01-01
2003-01-01,,,,,,,,54.9,55.4,55.300000000000004,5.266497461928954,0.9107468123861651,2002-12-01,2003-02-01
2003-02-01,,,,,,,,52.5,55.6,55.300000000000004,5.3333333333333455,0.3610108303249149,2003-01-01,2003-03-01
2003-03-01,,,,,,,,58.5,55.5,56.133333333333326,5.31582238899313,-0.17985611510791255,2003-02-01,2003-04-01
2003-04-01,,,,,,,,57.4,55.9,57.599999999999994,5.173463177115001,0.7207207207207134,2003-03-01,2003-05-01
2003-05-01,,,,,,,,56.9,56.0,56.56666666666666,5.142503097893414,0.17889087656530744,2003-04-01,2003-06-01
2003-06-01,,,,,,,,55.4,56.3,55.5,5.246523388116331,0.5357142857142838,2003-05-01,2003-07-01
2003-07-01,,,,,,,,54.2,56.4,54.833333333333336,4.910714285714279,0.1776198934280604,2003-06-01,2003-08-01
2003-08-01,,,,,,,,54.9,56.3,54.26666666666667,4.560051380860619,-0.17730496453900457,2003-07-01,2003-09-01
2003-09-01,,,,,,,,53.7,56.6,55.53333333333333,4.320601127113344,0.5328596802842034,2003-08-01,2003-10-01
2003-10-01,,,,,,,,58.0,56.7,56.666666666666664,4.102878138395583,0.17667844522968323,2003-09-01,2003-11-01
2003-11-01,,,,,,,,58.3,56.7,58.96666666666667,3.875513799177921,0.0,2003-10-01,2003-12-01
2003-12-01,,,,,,,,60.6,56.8,58.63333333333333,3.714622641509435,0.17636684303350414,2003-11-01,2004-01-01
2004-01-01,,,,,,,,57.0,57.5,57.5,3.9783001808318286,1.232394366197198,2003-12-01,2004-02-01
2004-02-01,,,,,,,,54.9,57.9,57.93333333333334,4.761904761904767,0.6956521739130306,2004-01-01,2004-03-01
2004-03-01,,,,,,,,61.9,58.5,59.13333333333333,5.344418052256539,1.0362694300518172,2004-02-01,2004-04-01
2004-04-01,,,,,,,,60.6,58.8,60.86666666666667,5.671296296296302,0.512820512820511,2004-03-01,2004-05-01
2004-05-01,,,,,,,,60.1,59.1,59.73333333333333,5.5981143193871485,0.5102040816326703,2004-04-01,2004-06-01
2004-06-01,,,,,,,,58.5,59.3,58.866666666666674,6.066066066066078,0.33840947546530664,2004-05-01,2004-07-01
2004-07-01,,,,,,,,58.0,60.4,58.53333333333333,6.747720364741627,1.8549747048903997,2004-06-01,2004-08-01
2004-08-01,,,,,,,,59.1,60.6,58.300000000000004,7.432432432432434,0.33112582781458233,2004-07-01,2004-09-01
2004-09-01,,,,,,,,57.8,60.8,59.93333333333334,7.923169267707086,0.3300330033003229,2004-08-01,2004-10-01
2004-10-01,,,,,,,,62.9,61.5,61.36666666666667,8.29411764705883,1.1513157894736947,2004-09-01,2004-11-01
2004-11-01,,,,,,,,63.4,61.6,64.13333333333333,8.762012436404731,0.1626016260162677,2004-10-01,2004-12-01
2004-12-01,,,,,,,,66.1,61.7,63.5,8.300170551449693,0.16233766233766378,2004-11-01,2005-01-01
2005-01-01,,,,,,,,61.0,61.6,61.79999999999999,7.478260869565201,-0.16207455429497752,2004-12-01,2005-02-01
2005-02-01,,,,,,,,58.3,61.4,61.5,6.156501726121966,-0.32467532467532756,2005-01-01,2005-03-01
2005-03-01,,,,,,,,65.2,62.0,62.63333333333333,5.918827508455471,0.9771986970684043,2005-02-01,2005-04-01
2005-04-01,,,,,,,,64.4,62.7,64.30000000000001,5.640744797371311,1.1290322580645107,2005-03-01,2005-05-01
2005-05-01,,,,,,,,63.3,62.4,63.300000000000004,5.970982142857162,-0.4784688995215336,2005-04-01,2005-06-01
2005-06-01,,,,,,,,62.2,63.0,62.03333333333333,5.379388448471101,0.9615384615384581,2005-05-01,2005-07-01
2005-07-01,,,,,,,,60.6,63.4,62.0,5.9225512528473745,0.6349206349206327,2005-06-01,2005-08-01
2005-08-01,,,,,,,,63.2,64.8,61.666666666666664,5.774728416237829,2.208201892744488,2005-07-01,2005-09-01
2005-09-01,,,,,,,,61.2,64.4,63.333333333333336,5.672969966629582,-0.6172839506172756,2005-08-01,2005-10-01
2005-10-01,,,,,,,,65.6,64.1,64.6,5.268875611080914,-0.46583850931678494,2005-09-01,2005-11-01
2005-11-01,,,,,,,,67.0,65.1,67.66666666666667,5.50935550935554,1.5600624024961096,2005-10-01,2005-12-01
2005-12-01,,,,,,,,70.4,65.7,67.23333333333333,5.879265091863517,0.9216589861751334,2005-11-01,2006-01-01
2006-01-01,,,,,,,,64.3,65.2,65.73333333333333,6.364617044228704,-0.7610350076103556,2005-12-01,2006-02-01
2006-02-01,,,,,,,,62.5,65.9,65.13333333333333,5.907859078590771,1.0736196319018454,2006-01-01,2006-03-01
2006-03-01,,,,,,,,68.6,65.6,66.23333333333333,5.747738158594995,-0.4552352048558639,2006-02-01,2006-04-01
2006-04-01,,,,,,,,67.6,66.3,68.03333333333332,5.806117159149782,1.0670731707317138,2006-03-01,2006-05-01
2006-05-01,,,,,,,,67.9,67.2,67.30000000000001,6.319115323854674,1.3574660633484337,2006-04-01,2006-06-01
2006-06-01,,,,,,,,66.4,67.3,66.2,6.716818914562062,0.14880952380951218,2006-05-01,2006-07-01
2006-07-01,,,,,,,,64.3,67.3,65.53333333333333,5.698924731182786,0.0,2006-06-01,2006-08-01
2006-08-01,,,,,,,,65.9,67.7,65.1,5.567567567567555,0.5943536404160454,2006-07-01,2006-09-01
2006-09-01,,,,,,,,65.1,68.5,67.16666666666667,6.052631578947376,1.1816838995568624,2006-08-01,2006-10-01
2006-10-01,,,,,,,,70.5,69.2,68.76666666666667,6.449948400412797,1.0218978102189746,2006-09-01,2006-11-01
2006-11-01,,,,,,,,70.7,69.1,71.93333333333334,6.305418719211819,-0.14450867052023808,2006-10-01,2006-12-01
2006-12-01,,,,,,,,74.6,69.6,71.03333333333333,5.651958353991082,0.723589001447178,2006-11-01,2007-01-01
2007-01-01,,,,,,,,67.8,69.4,69.16666666666666,5.223123732251511,-0.2873563218390607,2006-12-01,2007-02-01
2007-02-01,,,,,,,,65.1,69.6,68.69999999999999,5.47594677584442,0.28818443804032867,2007-01-01,2007-03-01
2007-03-01,,,,,,,,73.2,71.1,69.93333333333334,5.586311021640666,2.155172413793105,2007-02-01,2007-04-01
2007-04-01,,,,,,,,71.5,70.7,72.03333333333335,5.879470847623747,-0.5625879043600457,2007-03-01,2007-05-01
2007-05-01,,,,,,,,71.4,70.7,71.0,5.49777117384842,0.0,2007-04-01,2007-06-01
2007-06-01,,,,,,,,70.1,70.7,69.43333333333334,4.884189325276944,0.0,2007-05-01,2007-07-01
2007-07-01,,,,,,,,66.8,69.9,68.73333333333333,4.883011190233977,-1.1315417256011262,2007-06-01,2007-08-01
2007-08-01,,,,,,,,69.3,70.9,68.3,4.915514592933956,1.4306151645207432,2007-07-01,2007-09-01
2007-09-01,,,,,,,,68.8,71.9,70.5,4.962779156327546,1.4104372355430161,2007-08-01,2007-10-01
2007-10-01,,,,,,,,73.4,71.6,72.1,4.847309743092576,-0.4172461752434131,2007-09-01,2007-11-01
2007-11-01,,,,,,,,74.1,72.1,75.36666666666666,4.772937905468022,0.6983240223463749,2007-10-01,2007-12-01
2007-12-01,,,,,,,,78.6,73.0,74.89999999999999,5.443453777569207,1.2482662968099856,2007-11-01,2008-01-01
2008-01-01,,,,,,,,72.0,73.2,73.5,6.265060240963871,0.273972602739736,2007-12-01,2008-02-01
2008-02-01,,,,,,,,69.9,74.1,72.89999999999999,6.113537117903944,1.2295081967212962,2008-01-01,2008-03-01
2008-03-01,,,,,,,,76.8,74.0,73.93333333333334,5.719733079122968,-0.13495276653170407,2008-02-01,2008-04-01
2008-04-01,,,,,,,,75.1,73.7,75.60000000000001,4.951411383618698,-0.40540540540540126,2008-03-01,2008-05-01
2008-05-01,,,,,,,,74.9,73.6,74.56666666666666,5.023474178403742,-0.13568521031208647,2008-04-01,2008-06-01
2008-06-01,,,,,,,,73.7,74.2,73.26666666666667,5.520883341334604,0.8152173913043681,2008-05-01,2008-07-01
2008-07-01,,,,,,,,71.2,74.4,71.89999999999999,4.6071774975751545,0.26954177897573484,2008-06-01,2008-08-01
2008-08-01,,,,,,,,70.8,72.1,70.73333333333333,3.562713518789651,-3.091397849462385,2008-07-01,2008-09-01
2008-09-01,,,,,,,,70.2,73.2,72.10000000000001,2.269503546099294,1.5256588072122268,2008-08-01,2008-10-01
2008-10-01,,,,,,,,75.3,73.3,73.2,1.5256588072122268,0.136612021857907,2008-09-01,2008-11-01
2008-11-01,,,,,,,,74.1,71.8,75.96666666666665,0.7961079168509411,-2.046384720327421,2008-10-01,2008-12-01
2008-12-01,,,,,,,,78.5,72.8,74.53333333333333,-0.4895416110369255,1.392757660167132,2008-11-01,2009-01-01
2009-01-01,,,,,,,,71.0,72.4,72.3,-1.6326530612244983,-0.5494505494505364,2008-12-01,2009-02-01
2009-02-01,,,,,,,,67.4,72.2,71.3,-2.1947873799725626,-0.2762430939226568,2009-01-01,2009-03-01
2009-03-01,,,,,,,,75.5,72.3,72.06666666666666,-2.5247971145175963,0.13850415512464131,2009-02-01,2009-04-01
2009-04-01,,,,,,,,73.3,72.0,73.86666666666666,-2.2927689594356426,-0.4149377593360981,2009-03-01,2009-05-01
2009-05-01,,,,,,,,72.8,71.8,72.46666666666665,-2.816271792579361,-0.2777777777777768,2009-04-01,2009-06-01
2009-06-01,,,,,,,,71.3,71.8,70.93333333333332,-3.1847133757961887,0.0,2009-05-01,2009-07-01
2009-07-01,,,,,,,,68.7,72.2,70.5,-1.947148817802491,0.5571030640668662,2009-06-01,2009-08-01
2009-08-01,,,,,,,,71.5,72.7,70.2,-0.7540056550424112,0.6925207756232732,2009-07-01,2009-09-01
2009-09-01,,,,,,,,70.4,73.3,72.33333333333333,0.3236245954692407,0.8253094910591452,2009-08-01,2009-10-01
2009-10-01,,,,,,,,75.1,73.4,73.93333333333334,1.0018214936247771,0.13642564802183177,2009-09-01,2009-11-01
2009-11-01,,,,,,,,76.3,73.5,76.93333333333334,1.2724879333041006,0.13623978201633413,2009-10-01,2009-12-01
2009-12-01,,,,,,,,79.4,74.0,76.06666666666666,2.0572450805008913,0.6802721088435382,2009-11-01,2010-01-01
2010-01-01,,,R,,,,,72.5,74.3,73.89999999999999,2.2130013831258566,0.40540540540541237,2009-12-01,2010-02-01
2010-02-01,,,R,9.227598063619205,Ene - Mar,2010-02-01,2010-03-01,69.8,75.1,72.66666666666667,1.9167835437120306,1.076716016150736,2010-01-01,2010-03-01
2010-03-01,,,R,8.836054099283027,Feb - Abr,2010-03-01,2010-04-01,75.7,72.2,74.43333333333334,3.2839962997224914,-3.8615179760319474,2010-02-01,2010-04-01
2010-04-01,,,R,9.0877307261896,Mar - May,2010-04-01,2010-05-01,77.8,76.4,76.93333333333334,4.151624548736477,5.817174515235468,2010-03-01,2010-05-01
2010-05-01,,,R,8.65606400092629,Abr - Jun,2010-05-01,2010-06-01,77.3,76.0,77.10000000000001,6.393744250230027,-0.5235602094240899,2010-04-01,2010-06-01
2010-06-01,,,R,8.511178714112768,May - Jul,2010-06-01,2010-07-01,76.2,76.7,75.86666666666666,6.954887218045114,0.9210526315789558,2010-05-01,2010-07-01
2010-07-01,,,R,8.436275041202741,Jun - Ago,2010-07-01,2010-08-01,74.1,77.9,75.86666666666667,7.612293144208038,1.5645371577575062,2010-06-01,2010-08-01
2010-08-01,,,R,8.12456869233612,Jul - Sep,2010-08-01,2010-09-01,77.3,78.1,75.5,7.549857549857553,0.25673940949935137,2010-07-01,2010-09-01
2010-09-01,,,R,7.814696708465468,Ago - Oct,2010-09-01,2010-10-01,75.1,78.4,77.5,7.14285714285714,0.3841229193342066,2010-08-01,2010-10-01
2010-10-01,,,R,7.2250504372039615,Sep - Nov,2010-10-01,2010-11-01,80.1,78.5,79.3,7.258791704238043,0.12755102040815647,2010-09-01,2010-11-01
2010-11-01,,,R,7.210128889097038,Oct - Dic,2010-11-01,2010-12-01,82.7,79.6,82.66666666666667,7.452339688041598,1.4012738853503182,2010-10-01,2010-12-01
2010-12-01,,,R,7.441761718817921,Nov - Ene,2010-12-01,2011-01-01,85.2,79.2,81.96666666666665,7.756354075372474,-0.5025125628140614,2010-11-01,2011-01-01
2011-01-01,,2.87855035732827,R,7.442769364665214,Dic - Feb,2011-01-01,2011-02-01,78.0,79.7,79.16666666666667,7.1267478574650545,0.631313131313127,2010-12-01,2011-02-01
2011-02-01,,3.05871431512763,R,7.5481165580962895,Ene - Mar,2011-02-01,2011-03-01,74.3,79.7,79.03333333333335,8.761467889908259,0.0,2011-01-01,2011-03-01
2011-03-01,,2.84313893717416,R,7.211111860205037,Feb - Abr,2011-03-01,2011-04-01,84.8,80.6,80.5,8.150470219435736,1.1292346298619638,2011-02-01,2011-04-01
2011-04-01,,2.63541504382701,R,7.304763451880472,Mar - May,2011-04-01,2011-05-01,82.4,81.2,83.39999999999999,8.40554592720968,0.7444168734491496,2011-03-01,2011-05-01
2011-05-01,,1.96706637561201,R,7.212255397048333,Abr - Jun,2011-05-01,2011-06-01,83.0,81.2,81.93333333333334,6.268914829226113,0.0,2011-04-01,2011-06-01
2011-06-01,,2.24994137518066,R,7.553369301477564,May - Jul,2011-06-01,2011-07-01,80.4,81.1,80.2,5.71177504393674,-0.12315270935961964,2011-05-01,2011-07-01
2011-07-01,,2.93311354981332,R,7.514649470764548,Jun - Ago,2011-07-01,2011-08-01,77.2,81.3,79.46666666666668,4.745166959578229,0.2466091245376223,2011-06-01,2011-08-01
2011-08-01,,2.79810817103912,R,7.626381175740099,Jul - Sep,2011-08-01,2011-09-01,80.8,81.8,78.89999999999999,4.503311258278142,0.6150061500614923,2011-07-01,2011-09-01
2011-09-01,,2.62824066465168,R,7.4366909896982385,Ago - Oct,2011-09-01,2011-10-01,78.7,82.0,81.23333333333333,4.817204301075262,0.24449877750611915,2011-08-01,2011-10-01
2011-10-01,,2.11400809180744,R,7.3319133368942,Sep - Nov,2011-10-01,2011-11-01,84.2,82.7,83.10000000000001,4.791929382093341,0.8536585365853666,2011-09-01,2011-11-01
2011-11-01,,2.09404114072804,R,6.8146096671283765,Oct - Dic,2011-11-01,2011-12-01,86.4,83.0,87.2,5.483870967741944,0.36275695284160303,2011-10-01,2011-12-01
2011-12-01,,1.81404427905918,R,6.853915676547048,Nov - Ene,2011-12-01,2012-01-01,91.0,84.6,86.63333333333334,5.6933712891419574,1.9277108433734869,2011-11-01,2012-01-01
2012-01-01,,2.3205714148516,R,6.528372803742388,Dic - Feb,2012-01-01,2012-02-01,82.5,84.5,84.36666666666666,6.568421052631557,-0.11820330969266601,2011-12-01,2012-02-01
2012-02-01,,1.82433025592217,R,6.797302896114809,Ene - Mar,2012-02-01,2012-03-01,79.6,85.2,83.8,6.031210459721614,0.8284023668639007,2012-01-01,2012-03-01
2012-03-01,,2.70489651511365,R,6.763674290614601,Feb - Abr,2012-03-01,2012-04-01,89.3,85.9,85.5,6.211180124223592,0.8215962441314506,2012-02-01,2012-04-01
2012-04-01,,2.47744633235021,R,6.941839384225787,Mar - May,2012-04-01,2012-05-01,87.6,86.6,88.3,5.875299760191854,0.814901047729899,2012-03-01,2012-05-01
2012-05-01,,3.22218433051953,R,6.781292194200803,Abr - Jun,2012-05-01,2012-06-01,88.0,86.6,87.23333333333333,6.468673718470308,0.0,2012-04-01,2012-06-01
2012-06-01,,3.28974755516835,R,6.664966941483437,May - Jul,2012-06-01,2012-07-01,86.1,87.0,85.7,6.857855361595999,0.46189376443419583,2012-05-01,2012-07-01
2012-07-01,,3.73247634460869,R,6.538428983206723,Jun - Ago,2012-07-01,2012-08-01,83.0,87.5,85.26666666666667,7.2986577181207934,0.5747126436781658,2012-06-01,2012-08-01
2012-08-01,,3.84083087600089,R,6.576295394539566,Jul - Sep,2012-08-01,2012-09-01,86.7,87.6,84.13333333333334,6.632868610054943,0.11428571428571122,2012-07-01,2012-09-01
2012-09-01,,3.27804797749041,R,6.694933329534634,Ago - Oct,2012-09-01,2012-10-01,82.7,87.2,86.39999999999999,6.3602790315962165,-0.45662100456620447,2012-08-01,2012-10-01
2012-10-01,,3.27521744575743,R,6.359724060404341,Sep - Nov,2012-10-01,2012-11-01,89.8,87.5,88.03333333333335,5.936622543120751,0.34403669724769603,2012-09-01,2012-11-01
2012-11-01,,4.25949366737417,R,6.224655687987238,Oct - Dic,2012-11-01,2012-12-01,91.6,88.1,92.03333333333335,5.542813455657503,0.6857142857142895,2012-10-01,2012-12-01
2012-12-01,,4.74652585819477,R,6.11954959269305,Nov - Ene,2012-12-01,2013-01-01,94.7,88.2,90.96666666666665,5.001923816852605,0.11350737797957144,2012-11-01,2013-01-01
2013-01-01,,4.31147035684567,R,6.354761938598117,Dic - Feb,2013-01-01,2013-02-01,86.6,88.8,87.86666666666667,4.1485578822599845,0.6802721088435382,2012-12-01,2013-02-01
2013-02-01,,4.49986167010912,R,6.426108908384523,Ene - Mar,2013-02-01,2013-03-01,82.3,88.3,87.26666666666667,4.1368337311058045,-0.5630630630630629,2013-01-01,2013-03-01
2013-03-01,,4.30236985262964,R,6.539010041466435,Feb - Abr,2013-03-01,2013-04-01,92.9,89.0,88.86666666666667,3.9376218323586842,0.7927519818799578,2013-02-01,2013-04-01
2013-04-01,,5.13077191351257,R,6.541235681319828,Mar - May,2013-04-01,2013-05-01,91.4,89.1,91.66666666666667,3.812759531898835,0.11235955056179137,2013-03-01,2013-05-01
2013-05-01,,5.01273472134738,R,6.260540693535817,Abr - Jun,2013-05-01,2013-06-01,90.7,89.2,90.23333333333335,3.4390523500191117,0.11223344556678949,2013-04-01,2013-06-01
2013-06-01,,3.78111873924685,R,5.883151980840591,May - Jul,2013-06-01,2013-07-01,88.6,89.9,88.26666666666665,2.994943601711375,0.7847533632286963,2013-05-01,2013-07-01
2013-07-01,,2.89780391823808,R,5.848962595942404,Jun - Ago,2013-07-01,2013-08-01,85.5,90.0,87.7,2.8537920250195414,0.11123470522802492,2013-06-01,2013-08-01
2013-08-01,,3.43255316615911,R,5.860496691363856,Jul - Sep,2013-08-01,2013-09-01,89.0,90.1,86.60000000000001,2.9318541996830483,0.11111111111110628,2013-07-01,2013-09-01
2013-09-01,,3.79225635646867,R,5.952664425109557,Ago - Oct,2013-09-01,2013-10-01,85.3,89.8,88.86666666666667,2.8549382716049676,-0.33296337402884957,2013-08-01,2013-10-01
2013-10-01,,3.96661390707826,R,5.864836875672645,Sep - Nov,2013-10-01,2013-11-01,92.3,90.3,90.7,3.0291556228701166,0.556792873051215,2013-09-01,2013-11-01
2013-11-01,,2.9251401649742,R,5.781731968928167,Oct - Dic,2013-11-01,2013-12-01,94.5,90.7,94.59999999999998,2.7888446215139195,0.44296788482836025,2013-10-01,2013-12-01
2013-12-01,,2.4261752485478,R,6.231466599105631,Nov - Ene,2013-12-01,2014-01-01,97.0,89.8,93.2,2.4551117625503993,-0.9922822491731043,2013-11-01,2014-01-01
2014-01-01,,2.73404268810484,R,6.184694729297182,Dic - Feb,2014-01-01,2014-02-01,88.1,89.9,89.96666666666665,2.389984825493152,0.11135857461026522,2013-12-01,2014-02-01
2014-02-01,,2.53436704991652,R,6.496404147634725,Ene - Mar,2014-02-01,2014-03-01,84.8,90.8,89.39999999999999,2.444614209320073,1.0011123470522687,2014-01-01,2014-03-01
2014-03-01,,2.23914625933563,R,6.144147156535248,Feb - Abr,2014-03-01,2014-04-01,95.3,90.9,90.96666666666665,2.363090772693144,0.11013215859032588,2014-02-01,2014-04-01
2014-04-01,,1.21611455660673,R,6.324242958052071,Mar - May,2014-04-01,2014-05-01,92.8,91.4,93.53333333333332,2.036363636363614,0.5500550055005604,2014-03-01,2014-05-01
2014-05-01,,1.03835633488651,R,6.517831912247811,Abr - Jun,2014-05-01,2014-06-01,92.5,91.5,91.73333333333333,1.6623568526043409,0.1094091903719896,2014-04-01,2014-06-01
2014-06-01,,1.76019085368635,R,6.594121807347124,May - Jul,2014-06-01,2014-07-01,89.9,90.9,89.5,1.397280966767389,-0.6557377049180246,2014-05-01,2014-07-01
2014-07-01,,2.44291651688484,R,6.826477763132528,Jun - Ago,2014-07-01,2014-08-01,86.1,90.6,88.56666666666666,0.9882174078297057,-0.33003300330034513,2014-06-01,2014-08-01
2014-08-01,,1.54062243907305,R,6.760549925960638,Jul - Sep,2014-08-01,2014-09-01,89.7,91.1,87.73333333333335,1.3086989992301845,0.5518763796909409,2014-07-01,2014-09-01
2014-09-01,,1.32044969593372,R,6.563670255121824,Ago - Oct,2014-09-01,2014-10-01,87.4,90.9,90.36666666666667,1.6879219804951218,-0.2195389681668325,2014-08-01,2014-10-01
2014-10-01,,0.733545482382048,R,6.214868003332803,Sep - Nov,2014-10-01,2014-11-01,94.0,92.0,92.23333333333333,1.6905549430356492,1.2101210121012063,2014-09-01,2014-11-01
2014-11-01,,1.2214006555709,R,6.205596819096708,Oct - Dic,2014-11-01,2014-12-01,95.3,91.5,96.2,1.6913319238900826,-0.5434782608695676,2014-10-01,2014-12-01
2014-12-01,,2.41231829300947,R,6.226691262924964,Nov - Ene,2014-12-01,2015-01-01,99.3,92.0,95.0,1.93133047210301,0.5464480874316946,2014-11-01,2015-01-01
2015-01-01,,2.49283585233633,R,6.215262370300058,Dic - Feb,2015-01-01,2015-02-01,90.4,92.7,92.26666666666665,2.556502408299366,0.7608695652173925,2014-12-01,2015-02-01
2015-02-01,,2.54798304045056,R,6.228864402797486,Ene - Mar,2015-02-01,2015-03-01,87.1,92.6,91.63333333333333,2.498135719612238,-0.10787486515643208,2015-01-01,2015-03-01
2015-03-01,,2.75409439108887,R,6.355841486469632,Feb - Abr,2015-03-01,2015-04-01,97.4,92.1,93.2,2.4551117625503993,-0.5399568034557212,2015-02-01,2015-04-01
2015-04-01,,2.16123114587141,R,6.751508894415141,Mar - May,2015-04-01,2015-05-01,95.1,93.4,95.39999999999999,1.9957234497505416,1.4115092290988285,2015-03-01,2015-05-01
2015-05-01,,2.14172725824495,R,6.67022406576548,Abr - Jun,2015-05-01,2015-06-01,93.7,93.2,93.66666666666667,2.107558139534893,-0.21413276231263545,2015-04-01,2015-06-01
2015-06-01,,1.82225289334677,R,6.691606113518849,May - Jul,2015-06-01,2015-07-01,92.2,93.4,91.36666666666667,2.0856610800744857,0.21459227467810482,2015-05-01,2015-07-01
2015-07-01,,1.47285117860427,R,6.558502706196549,Jun - Ago,2015-07-01,2015-08-01,88.2,93.0,90.43333333333334,2.1076401957094593,-0.4282655246252709,2015-06-01,2015-08-01
2015-08-01,,0.800343446764495,R,6.54399971535196,Jul - Sep,2015-08-01,2015-09-01,90.9,92.3,89.7,2.2416413373860022,-0.7526881720430145,2015-07-01,2015-09-01
2015-09-01,,1.21087611962736,R,6.445238958411418,Ago - Oct,2015-09-01,2015-10-01,90.0,93.5,92.0,1.8074511250461,1.300108342361872,2015-08-01,2015-10-01
2015-10-01,,1.64465999636787,R,6.174822759657495,Sep - Nov,2015-10-01,2015-11-01,95.1,93.8,94.16666666666667,2.09613299602458,0.3208556149732589,2015-09-01,2015-11-01
2015-11-01,,1.54786839738319,R,5.870419215473987,Oct - Dic,2015-11-01,2015-12-01,97.4,93.4,97.96666666666665,1.8364518364518245,-0.4264392324093702,2015-10-01,2015-12-01
2015-12-01,,0.781875417425493,R,5.917435986391466,Nov - Ene,2015-12-01,2016-01-01,101.4,93.7,96.96666666666668,2.070175438596511,0.3211991434689532,2015-11-01,2016-01-01
2016-01-01,,0.982755117948897,R,6.046157360995311,Dic - Feb,2016-01-01,2016-02-01,92.1,94.5,94.76666666666665,2.709537572254339,0.8537886872998834,2015-12-01,2016-02-01
2016-02-01,,0.665560494941353,R,6.490499064070115,Ene - Mar,2016-02-01,2016-03-01,90.8,94.6,94.36666666666667,2.9829028737722973,0.10582010582009804,2016-01-01,2016-03-01
2016-03-01,,0.906555561623867,R,6.605215788476899,Feb - Abr,2016-03-01,2016-04-01,100.2,94.5,95.56666666666666,2.539341917024318,-0.10570824524311906,2016-02-01,2016-04-01
2016-04-01,,1.07097017923576,R,7.027192121286138,Mar - May,2016-04-01,2016-05-01,95.7,94.1,97.16666666666667,1.85185185185186,-0.4232804232804255,2016-03-01,2016-05-01
2016-05-01,,0.9983013480096,R,7.018020233596607,Abr - Jun,2016-05-01,2016-06-01,95.6,94.0,94.83333333333333,1.245551601423478,-0.10626992561104665,2016-04-01,2016-06-01
2016-06-01,,1.21213994273606,R,7.267116250290859,May - Jul,2016-06-01,2016-07-01,93.2,94.6,92.66666666666667,1.422838380153224,0.6382978723404209,2016-05-01,2016-07-01
2016-07-01,,0.827500548169291,R,7.070432427292841,Jun - Ago,2016-07-01,2016-08-01,89.2,94.7,92.06666666666666,1.806118687799474,0.10570824524314126,2016-06-01,2016-08-01
2016-08-01,,2.06292143267057,R,7.03071987813846,Jul - Sep,2016-08-01,2016-09-01,93.8,94.7,91.5,2.006688963210701,0.0,2016-07-01,2016-09-01
2016-09-01,,1.89264792313948,R,6.680826195486356,Ago - Oct,2016-09-01,2016-10-01,91.5,95.1,93.33333333333333,1.4492753623188248,0.42238648363250864,2016-08-01,2016-10-01
2016-10-01,,2.22700621402951,R,6.403383115214277,Sep - Nov,2016-10-01,2016-11-01,94.7,94.6,94.96666666666665,0.8495575221238783,-0.525762355415349,2016-09-01,2016-11-01
2016-11-01,,1.93260737919234,R,6.200412730042818,Oct - Dic,2016-11-01,2016-12-01,98.7,94.7,98.8,0.8506294658046976,0.10570824524314126,2016-10-01,2016-12-01
2016-12-01,,1.96354133370715,R,6.3693701245488015,Nov - Ene,2016-12-01,2017-01-01,103.0,94.9,98.06666666666666,1.1344104503265617,0.21119324181626542,2016-11-01,2017-01-01
2017-01-01,,1.54501756022312,R,6.77134859567336,Dic - Feb,2017-01-01,2017-02-01,92.5,94.5,94.86666666666667,0.10552233556104795,-0.42149631190727677,2016-12-01,2017-02-01
2017-02-01,,1.44583252141406,R,7.040228949676875,Ene - Mar,2017-02-01,2017-03-01,89.1,94.1,94.03333333333335,-0.35323207347226493,-0.4232804232804255,2017-01-01,2017-03-01
2017-03-01,,1.47568382343588,R,7.077977973420191,Feb - Abr,2017-03-01,2017-04-01,100.5,93.7,95.0,-0.5929543076386379,-0.4250797024441977,2017-02-01,2017-04-01
2017-04-01,,1.58232819356776,R,7.326344790601058,Mar - May,2017-04-01,2017-05-01,95.4,94.9,97.60000000000001,0.4459691252144182,1.2806830309498363,2017-03-01,2017-05-01
2017-05-01,,1.79549851409568,R,7.312519357965471,Abr - Jun,2017-05-01,2017-06-01,96.9,95.4,95.5,0.7029876977152849,0.5268703898840821,2017-04-01,2017-06-01
2017-06-01,,2.63895761549797,R,7.21677849399046,May - Jul,2017-06-01,2017-07-01,94.2,95.9,94.0,1.4388489208633004,0.524109014675056,2017-05-01,2017-07-01
2017-07-01,,3.16160126802008,R,6.9075946714038645,Jun - Ago,2017-07-01,2017-08-01,90.9,96.8,93.66666666666667,1.73787110789283,0.938477580813335,2017-06-01,2017-08-01
2017-08-01,,2.95641988767883,R,6.995296979121912,Jul - Sep,2017-08-01,2017-09-01,95.9,97.2,93.2,1.857923497267766,0.4132231404958775,2017-07-01,2017-09-01
2017-09-01,,3.25827676494894,R,6.984697394799097,Ago - Oct,2017-09-01,2017-10-01,92.8,97.6,95.5,2.3214285714285854,0.411522633744843,2017-08-01,2017-10-01
2017-10-01,,2.92090899402913,R,6.703918721948665,Sep - Nov,2017-10-01,2017-11-01,97.8,97.4,97.56666666666666,2.7378027378027525,-0.2049180327868716,2017-09-01,2017-11-01
2017-11-01,,3.2681187321042,R,6.512653213019962,Oct - Dic,2017-11-01,2017-12-01,102.1,98.1,101.86666666666666,3.1039136302294157,0.7186858316221567,2017-10-01,2017-12-01
2017-12-01,,2.81361486689686,R,6.82543744457195,Nov - Ene,2017-12-01,2018-01-01,105.7,98.1,101.56666666666666,3.569000679809653,0.0,2017-11-01,2018-01-01
2018-01-01,,2.59274133118892,R,7.010053212079131,Dic - Feb,2018-01-01,2018-02-01,96.9,98.8,98.5,3.8299367533380035,0.7135575942915473,2017-12-01,2018-02-01
2018-02-01,,2.78427676889748,R,7.376087580975549,Ene - Mar,2018-02-01,2018-03-01,92.9,99.0,98.36666666666667,4.608294930875578,0.2024291497975783,2018-01-01,2018-03-01
2018-03-01,,2.64565930217318,R,6.993793949154417,Feb - Abr,2018-03-01,2018-04-01,105.3,99.3,100.06666666666666,5.333333333333323,0.3030303030302939,2018-02-01,2018-04-01
2018-04-01,,3.13411836752304,R,7.3814464950713905,Mar - May,2018-04-01,2018-05-01,102.0,100.0,102.93333333333334,5.464480874316924,0.7049345417925457,2018-03-01,2018-05-01
2018-05-01,,2.67024135896432,R,7.513714492964612,Abr - Jun,2018-05-01,2018-06-01,101.5,100.3,100.60000000000001,5.340314136125657,0.29999999999998916,2018-04-01,2018-06-01
2018-06-01,,1.94645220539684,R,7.853458461105249,May - Jul,2018-06-01,2018-07-01,98.3,100.1,97.83333333333333,4.07801418439715,-0.1994017946161497,2018-05-01,2018-07-01
2018-07-01,,1.34980562758562,R,7.719071107904813,Jun - Ago,2018-07-01,2018-08-01,93.7,100.1,96.73333333333333,3.274021352313161,0.0,2018-06-01,2018-08-01
2018-08-01,,0.928241675398822,R,7.470290516526306,Jul - Sep,2018-08-01,2018-09-01,98.2,99.5,95.43333333333334,2.3962804005722482,-0.5994005994005902,2018-07-01,2018-09-01
2018-09-01,,1.26222303009864,R,7.41190682990658,Ago - Oct,2018-09-01,2018-10-01,94.4,99.8,98.26666666666667,2.897033158813267,0.3015075376884502,2018-08-01,2018-10-01
2018-10-01,,1.13712806133706,R,7.311127502112706,Sep - Nov,2018-10-01,2018-11-01,102.2,100.9,100.73333333333335,3.2456440040997903,1.102204408817653,2018-09-01,2018-11-01
2018-11-01,,1.18761715762743,R,7.146463315388823,Oct - Dic,2018-11-01,2018-12-01,105.6,101.8,105.59999999999998,3.6649214659685736,0.8919722497522153,2018-10-01,2018-12-01
2018-12-01,,1.19621457253001,R,7.129572172376286,Nov - Ene,2018-12-01,2019-01-01,109.0,100.4,104.46666666666665,2.8552674762061026,-1.3752455795677743,2018-11-01,2019-01-01
2019-01-01,,1.55608406288246,R,7.034277907625186,Dic - Feb,2019-01-01,2019-02-01,98.8,100.9,100.33333333333333,1.8612521150592087,0.4980079681274896,2018-12-01,2019-02-01
2019-02-01,,2.08403050298265,R,7.236279240290118,Ene - Mar,2019-02-01,2019-03-01,93.2,99.9,99.56666666666666,1.2199254490003364,-0.9910802775024763,2019-01-01,2019-03-01
2019-03-01,,2.2025039770414,R,7.096337741205429,Feb - Abr,2019-03-01,2019-04-01,106.7,101.0,101.23333333333333,1.1658894070619708,1.1011011011010874,2019-02-01,2019-04-01
2019-04-01,,2.60458891625179,R,7.232280199957606,Mar - May,2019-04-01,2019-05-01,103.8,102.2,104.63333333333333,1.6515544041450614,1.1881188118811892,2019-03-01,2019-05-01
2019-05-01,,2.32980625129959,R,7.253812630322652,Abr - Jun,2019-05-01,2019-06-01,103.4,102.4,102.13333333333334,1.5241882041086896,0.1956947162426559,2019-04-01,2019-06-01
2019-06-01,,2.11252296872582,R,7.548641079664637,May - Jul,2019-06-01,2019-07-01,99.2,101.4,99.63333333333333,1.8398637137989837,-0.9765625,2019-05-01,2019-07-01
2019-07-01,,2.40526665550422,R,7.571807986149258,Jun - Ago,2019-07-01,2019-08-01,96.3,101.5,98.93333333333334,2.2742935906271633,0.09861932938854956,2019-06-01,2019-08-01
2019-08-01,,2.55442565645716,R,7.337297339786188,Jul - Sep,2019-08-01,2019-09-01,101.3,102.6,98.2,2.899056933286759,1.0837438423645374,2019-07-01,2019-09-01
2019-09-01,,2.11598546827376,R,7.141079809278541,Ago - Oct,2019-09-01,2019-10-01,97.0,101.3,98.63333333333333,0.3731343283581934,-1.2670565302144277,2019-08-01,2019-10-01
2019-10-01,,1.72007103536442,R,6.960308293894093,Sep - Nov,2019-10-01,2019-11-01,97.6,96.9,98.3,-2.4156187954996855,-4.343534057255671,2019-09-01,2019-11-01
2019-11-01,,1.34215141190133,R,7.063169087749739,Oct - Dic,2019-11-01,2019-12-01,100.3,96.9,102.63333333333333,-2.8093434343434254,0.0,2019-10-01,2019-12-01
2019-12-01,,1.56516852551105,R,7.443074329578887,Nov - Ene,2019-12-01,2020-01-01,110.0,99.5,103.33333333333333,-1.084875558391829,2.6831785345717174,2019-11-01,2020-01-01
2020-01-01,,1.17232624396726,R,7.810519296830247,Dic - Feb,2020-01-01,2020-02-01,99.7,101.8,101.83333333333333,1.4950166112956742,2.311557788944718,2019-12-01,2020-02-01
2020-02-01,,0.541603203821306,R,8.228509097361655,Ene - Mar,2020-02-01,2020-03-01,95.8,101.5,99.16666666666667,-0.4017408771342379,-0.29469548133594925,2020-01-01,2020-03-01
2020-03-01,,0.889819195285035,R,9.001855584491155,Feb - Abr,2020-03-01,2020-04-01,102.0,96.1,95.33333333333333,-5.828119855120195,-5.320197044334984,2020-02-01,2020-04-01
2020-04-01,,-0.71953704583313,R,11.206932833479922,Mar - May,2020-04-01,2020-05-01,88.2,88.4,92.36666666666667,-11.723478814909194,-8.012486992715907,2020-03-01,2020-05-01
2020-05-01,,-0.14409192126863,R,12.21785968012778,Abr - Jun,2020-05-01,2020-06-01,86.9,86.8,86.8,-15.01305483028721,-1.8099547511312264,2020-04-01,2020-06-01
2020-06-01,,0.123480079250538,R,13.09121639614392,May - Jul,2020-06-01,2020-07-01,85.3,86.7,85.73333333333335,-13.95115423218466,-0.11520737327188613,2020-05-01,2020-07-01
2020-07-01,,0.327161637751305,R,12.907461467072046,Jun - Ago,2020-07-01,2020-08-01,85.0,88.8,86.83333333333333,-12.230458221024264,2.422145328719716,2020-06-01,2020-08-01
2020-08-01,,0.384407760813876,R,12.348290683320114,Jul - Sep,2020-08-01,2020-09-01,90.2,91.4,89.13333333333333,-9.232858112695187,2.9279279279279313,2020-07-01,2020-09-01
2020-09-01,,0.559088822795983,R,11.577038760121193,Ago - Oct,2020-09-01,2020-10-01,92.2,94.8,92.86666666666667,-5.846569787090217,3.7199124726476906,2020-08-01,2020-10-01
2020-10-01,,1.03267208913591,R,10.758022977255548,Sep - Nov,2020-10-01,2020-11-01,96.2,96.0,96.56666666666668,-1.7633095964733725,1.2658227848101333,2020-09-01,2020-11-01
2020-11-01,,1.82122776074536,R,10.286318749044158,Oct - Dic,2020-11-01,2020-12-01,101.3,97.3,102.73333333333333,0.09743423189347844,1.3541666666666563,2020-10-01,2020-12-01
2020-12-01,,1.02554082362363,R,10.227160890761226,Nov - Ene,2020-12-01,2021-01-01,110.7,99.7,102.76666666666667,-0.5483870967741944,2.466598150051391,2020-11-01,2021-01-01
2021-01-01,,1.18910443250884,R,10.304521336183932,Dic - Feb,2021-01-01,2021-02-01,96.3,100.4,100.23333333333333,-1.5711947626841138,0.7021063189568633,2020-12-01,2021-02-01
2021-02-01,,1.29698208279345,R,10.353809664208082,Ene - Mar,2021-02-01,2021-03-01,93.7,102.7,99.60000000000001,0.43697478991597816,2.290836653386452,2021-01-01,2021-03-01
2021-03-01,,1.4364247759775,R,10.244367108474648,Feb - Abr,2021-03-01,2021-04-01,108.8,101.3,101.36666666666667,6.3286713286713425,-1.363193768257065,2021-02-01,2021-04-01
2021-04-01,,2.4189333483869,R,10.0373014511912,Mar - May,2021-04-01,2021-05-01,101.6,100.0,104.76666666666667,13.424756405629722,-1.2833168805528095,2021-03-01,2021-05-01
2021-05-01,,1.86750520037282,R,9.496488217043662,Abr - Jun,2021-05-01,2021-06-01,103.9,103.3,102.73333333333333,18.356374807987706,3.299999999999992,2021-04-01,2021-06-01
2021-06-01,,2.07567636191663,R,8.933289202759962,May - Jul,2021-06-01,2021-07-01,102.7,104.8,102.13333333333333,19.129082426127496,1.4520813165537216,2021-05-01,2021-07-01
2021-07-01,,1.93517989042962,R,8.547566041163567,Jun - Ago,2021-07-01,2021-08-01,99.8,106.5,102.96666666666665,18.579654510556608,1.6221374045801484,2021-06-01,2021-08-01
2021-08-01,,1.55713465577365,R,8.405611155298727,Jul - Sep,2021-08-01,2021-09-01,106.4,106.9,103.63333333333334,16.26776364996263,0.3755868544601082,2021-07-01,2021-09-01
2021-09-01,,0.364769034777312,R,8.076600506985928,Ago - Oct,2021-09-01,2021-10-01,104.7,107.6,106.7,14.89590811198851,0.6548175865294548,2021-08-01,2021-10-01
2021-10-01,,-0.0637669899338,R,7.527649055274091,Sep - Nov,2021-10-01,2021-11-01,109.0,108.5,109.5,13.393165343458735,0.8364312267657992,2021-09-01,2021-11-01
2021-11-01,,-0.780912173110737,R,7.189893447890489,Oct - Dic,2021-11-01,2021-12-01,114.8,109.5,114.73333333333335,11.680726800778718,0.9216589861751112,2021-10-01,2021-12-01
2021-12-01,,-0.307482591660757,R,7.271464819756076,Nov - Ene,2021-12-01,2022-01-01,120.4,108.6,112.83333333333333,9.795653584171248,-0.8219178082191858,2021-11-01,2022-01-01
2022-01-01,,-0.139178331639467,R,7.498521921540882,Dic - Feb,2022-01-01,2022-02-01,103.3,106.8,107.36666666666667,7.116727635517139,-1.6574585635359074,2021-12-01,2022-02-01
2022-02-01,,-0.168651549874921,R,7.797865168870488,Ene - Mar,2022-02-01,2022-03-01,98.4,107.1,105.56666666666666,5.990629183400253,0.2808988764045006,2022-01-01,2022-03-01
2022-03-01,,-1.72113841084355,R,7.747493176582519,Feb - Abr,2022-03-01,2022-04-01,115.0,108.3,107.0,5.557382439986847,1.1204481792717047,2022-02-01,2022-04-01
2022-04-01,,-2.18963436054539,R,7.803979757874979,Mar - May,2022-04-01,2022-05-01,107.6,107.2,110.76666666666667,5.727012408526888,-1.0156971375807844,2022-03-01,2022-05-01
2022-05-01,,-1.67816277120519,R,7.811473750562505,Abr - Jun,2022-05-01,2022-06-01,109.7,108.5,107.63333333333333,4.769630110317968,1.2126865671641784,2022-04-01,2022-06-01
2022-06-01,,-2.16626249253826,R,7.9188115449306276,May - Jul,2022-06-01,2022-07-01,105.6,107.7,104.89999999999999,2.7088772845953013,-0.7373271889400845,2022-05-01,2022-07-01
2022-07-01,,-2.84613546646199,R,7.9293997650867265,Jun - Ago,2022-07-01,2022-08-01,99.4,105.0,104.03333333333335,1.0359339592101335,-2.506963788300842,2022-06-01,2022-08-01
2022-08-01,,-2.64256005027224,R,8.040024406634434,Jul - Sep,2022-08-01,2022-09-01,107.1,107.8,103.76666666666667,0.1286587327114841,2.6666666666666616,2022-07-01,2022-09-01
2022-09-01,,-2.32662398021928,R,7.968380598820756,Ago - Oct,2022-09-01,2022-10-01,104.8,108.0,106.26666666666667,-0.40612308653545925,0.18552875695732052,2022-08-01,2022-10-01
2022-10-01,,-1.64924367060096,R,7.948823135587422,Sep - Nov,2022-10-01,2022-11-01,106.9,106.8,107.73333333333333,-1.6133942161339454,-1.1111111111111183,2022-09-01,2022-11-01
2022-11-01,,-2.27944843614896,R,7.862748830812978,Oct - Dic,2022-11-01,2022-12-01,111.5,106.4,112.39999999999999,-2.0337013364323253,-0.3745318352059823,2022-10-01,2022-12-01
2022-12-01,,-1.71286341076631,R,8.03724430266165,Nov - Ene,2022-12-01,2023-01-01,118.8,106.7,111.66666666666667,-1.0339734121122546,0.28195488721804995,2022-11-01,2023-01-01
2023-01-01,,-1.02359401633503,R,8.3676406179058,Dic - Feb,2023-01-01,2023-02-01,104.7,107.4,107.36666666666667,0.0,0.6560449859418949,2022-12-01,2023-02-01
2023-02-01,,-0.682536252313803,R,8.80847876093607,Ene - Mar,2023-02-01,2023-03-01,98.6,107.0,105.53333333333335,-0.031575623618551596,-0.3724394785847407,2023-01-01,2023-03-01
2023-03-01,,0.0759107417018789,R,8.659708879741151,Feb - Abr,2023-03-01,2023-04-01,113.3,106.8,106.33333333333333,-0.6230529595015577,-0.18691588785046953,2023-02-01,2023-04-01
2023-04-01,,0.830980243962864,R,8.524737702971423,Mar - May,2023-04-01,2023-05-01,107.1,107.1,109.8,-0.8727053866987688,0.2808988764045006,2023-03-01,2023-05-01
2023-05-01,,1.46800736426249,R,8.527584652776252,Abr - Jun,2023-05-01,2023-06-01,109.0,107.8,107.23333333333333,-0.371632084236595,0.6535947712418277,2023-04-01,2023-06-01
2023-06-01,,2.48607471262867,R,8.772214046716904,May - Jul,2023-06-01,2023-07-01,105.6,107.9,105.63333333333333,0.699078487448368,0.09276437847867136,2023-05-01,2023-07-01
2023-07-01,,2.72155929530162,R,8.995651283077274,Jun - Ago,2023-07-01,2023-08-01,102.3,108.2,105.13333333333333,1.0573534123678119,0.2780352177942591,2023-06-01,2023-08-01
2023-08-01,,2.58325270096382,R,8.9130085719371,Jul - Sep,2023-08-01,2023-09-01,107.5,108.5,105.2,1.3813042081593396,0.27726432532346745,2023-07-01,2023-09-01
2023-09-01,,3.59994667153307,R,8.88646907866272,Ago - Oct,2023-09-01,2023-10-01,105.8,109.4,107.59999999999998,1.2547051442910684,0.8294930875575979,2023-08-01,2023-10-01
2023-10-01,,3.506546044952,R,8.732412133756014,Sep - Nov,2023-10-01,2023-11-01,109.5,109.0,109.8,1.9183168316831756,-0.3656307129798919,2023-09-01,2023-11-01
2023-11-01,,3.32431766969021,R,8.47563934747287,Oct - Dic,2023-11-01,2023-12-01,114.1,109.0,114.36666666666667,1.7497034400949074,0.0,2023-10-01,2023-12-01
2023-12-01,,3.58465915251678,R,8.435631078517664,Nov - Ene,2023-12-01,2024-01-01,119.5,108.4,114.06666666666666,2.1492537313432702,-0.5504587155963248,2023-11-01,2024-01-01
2026-07-01,3.5,4.14498156001357,P,,,,,107.0,111.8,,,-1.7574692442882234,2026-06-01,2026-08-01
2026-08-01,4.1,,,,,,,,,,,,,
